customer_id,customer_name,email,phone,city,province,segment,signup_date
1,Thabo Mthembu,customer1@example.co.za,0834744854,Johannesburg,Gauteng,Small Business,2022-07-29
2,Sipho Daniels,customer2@example.co.za,0821499914,Mbombela,Mpumalanga,Retail,2023-03-24
3,Thabo Pillay,customer3@example.co.za,0798038374,Durban,KwaZulu-Natal,Small Business,2024-07-08
4,Nomsa Mokoena,customer4@example.co.za,0713678638,Kimberley,Northern Cape,Wholesale,2023-11-28
5,Anele Pillay,customer5@example.co.za,0716647119,Gqeberha,Eastern Cape,Retail,2022-07-09
6,Naledi Mabena,customer6@example.co.za,0716770619,Polokwane,Limpopo,Corporate,2022-03-30
7,Naledi Adams,customer7@example.co.za,0825918715,East London,Eastern Cape,Corporate,2025-03-28
8,Sipho Ndlovu,customer8@example.co.za,0794823498,Durban,KwaZulu-Natal,Corporate,2022-06-13
9,Naledi Adams,customer9@example.co.za,0848606962,Durban,KwaZulu-Natal,Corporate,2022-11-30
10,Bongani Pillay,customer10@example.co.za,0795479144,Bloemfontein,Free State,Retail,2022-12-17
11,Sibusiso van Wyk,customer11@example.co.za,0767366205,Mbombela,Mpumalanga,Corporate,2025-02-14
12,Ayanda Ndlovu,customer12@example.co.za,0831538552,Durban,KwaZulu-Natal,Corporate,2024-04-01
13,Sipho Pillay,customer13@example.co.za,0786279418,Gqeberha,Eastern Cape,Small Business,2024-10-19
14,Liam Dlamini,customer14@example.co.za,0843342608,Polokwane,Limpopo,Small Business,2025-02-23
15,Nomsa Daniels,customer15@example.co.za,0787700828,Mbombela,Mpumalanga,Corporate,2023-03-26
16,Amahle Naidoo,customer16@example.co.za,0711790481,Pretoria,Gauteng,Retail,2022-11-10
17,Jason Naidoo,customer17@example.co.za,0767402509,Pretoria,Gauteng,Wholesale,2024-12-19
18,Thabo Jacobs,customer18@example.co.za,0795476583,Gqeberha,Eastern Cape,Corporate,2022-08-17
19,Jason van Wyk,customer19@example.co.za,0761054447,Gqeberha,Eastern Cape,Corporate,2024-10-22
20,Naledi Smith, customer20@example.co.za,0719517169,Pretoria,GAUTENG,Small Business,2022-11-10
21,Mpho Mokoena,customer21@example.co.za,0786438436,Bloemfontein,Free State,Wholesale,2022-02-09
22,Bongani Smith,customer22@example.co.za,0831971823,Johannesburg,Gauteng,Small Business,2025-03-07
23,Sipho Mahlangu,customer23@example.co.za,0712161193,Johannesburg,Gauteng,Small Business,2022-09-20
24,Mpho Mthembu,customer24@example.co.za,0788099076,East London,Eastern Cape,Small Business,2025-01-09
25,Kagiso Adams,customer25@example.co.za,0797264956,Durban,KwaZulu-Natal,Wholesale,2024-11-25
26,Naledi Botha,customer26@example.co.za,0832074176,East London,Eastern Cape,Corporate,2022-02-13
27,Sibusiso Botha,customer27@example.co.za,0822191066,Kimberley,Northern Cape,Retail,2023-04-14
28,Lerato Maseko,customer28@example.co.za,0829626108,Johannesburg,Gauteng,Small Business,2023-07-25
29,Zanele Dlamini,customer29@example.co.za,0798930103,East London,Eastern Cape,Small Business,2024-08-26
30,Zanele Jacobs,customer30@example.co.za,0828231838,Polokwane,Limpopo,Corporate,2024-05-17
31,Liam Ndlovu,customer31@example.co.za,0792651177,Polokwane,Limpopo,Retail,2024-04-04
32,Naledi Botha,customer32@example.co.za,0834191175,Bloemfontein,Free State,Wholesale,2022-10-15
33,Mpho Mthembu,customer33@example.co.za,0765191056,Polokwane,Limpopo,Retail,2024-06-26
34,Naledi Ndlovu,customer34@example.co.za,0791247595,Mbombela,Mpumalanga,Retail,2023-04-30
35,Jason Mahlangu,customer35@example.co.za,0764586084,Pretoria,Gauteng,Wholesale,2022-05-01
36,Chantelle Mokoena,customer36@example.co.za,0765449368,Pretoria,Gauteng,Wholesale,2023-08-08
37,Amahle Dlamini,customer37@example.co.za,0835977931,Polokwane,Limpopo,Small Business,2022-04-30
38,Lerato Maseko,customer38@example.co.za,0821841248,Kimberley,Northern Cape,Wholesale,2024-10-26
39,Mpho Ndlovu,customer39@example.co.za,0782344047,Mbombela,Mpumalanga,Small Business,2022-05-21
40,Sipho Botha,customer40@example.co.za,0763011363,Kimberley,Northern Cape,Small Business,2025-03-31
41,Lerato Naidoo,customer41@example.co.za,0769770838,Kimberley,Northern Cape,Corporate,2023-06-19
42,Ayanda Botha,customer42@example.co.za,0847640184,Durban,KwaZulu-Natal,Small Business,2023-09-07
43,Ayanda Naidoo,customer43@example.co.za,0828688755,East London,Eastern Cape,Retail,2022-05-31
44,Zanele Mthembu,customer44@example.co.za,0836855396,Mbombela,Mpumalanga,Retail,2023-05-16
45,Kagiso van Wyk, customer45@example.co.za,0766075395,Bloemfontein,Free State,Retail,2025-02-09
46,Naledi Dlamini,customer46@example.co.za,0842936571,Gqeberha,Eastern Cape,Retail,2025-02-07
47,Nomsa Smith, customer47@example.co.za,0784533779,Pretoria,Gauteng,Corporate,2023-02-21
48,Amahle Mthembu,customer48@example.co.za,0711852264,Gqeberha,Eastern Cape,Retail,2024-05-17
49,Lerato Mokoena,customer49@example.co.za,0843194789,Gqeberha,Eastern Cape,Corporate,2022-11-27
50,Jason Mokoena,customer50@example.co.za,0822262382,East London,Eastern Cape,Small Business,2025-01-22
51,Bongani Dlamini,customer51@example.co.za,0763138181,Cape Town,Western Cape,Retail,2023-09-24
52,Lerato Mabena,customer52@example.co.za,0835186414,Bloemfontein,Free State,Retail,2023-12-26
53,Jason Dlamini,customer53@example.co.za,0833726327,Mbombela,Mpumalanga,Small Business,2024-04-24
54,Mpho Maseko,customer54@example.co.za,0717907400,Cape Town,Western Cape,Small Business,2023-07-01
55,Naledi Adams,customer55@example.co.za,0711649691,Pretoria,Gauteng,Wholesale,2023-04-01
56,Liam Mabena,customer56@example.co.za,0844818418,Durban,KwaZulu-Natal,Small Business,2022-02-18
57,Chantelle Maseko,customer57@example.co.za,0842164686,Durban,KwaZulu-Natal,Corporate,2023-12-21
58,Chantelle Maseko,customer58@example.co.za,0822935113,Mbombela,Mpumalanga,Corporate,2023-01-01
59,Nomsa Ndlovu,customer59@example.co.za,0828290770,Kimberley,Northern Cape,Corporate,2023-10-05
60,Naledi Adams,customer60@example.co.za,0784188992,Polokwane,Limpopo,Corporate,2022-04-01
61,Thabo Pillay,customer61@example.co.za,0848235969,Polokwane,Limpopo,Retail,2023-11-08
62,Ayanda Jacobs,customer62@example.co.za,0796038571,Kimberley,Northern Cape,Corporate,2024-04-16
63,Chantelle Smith,customer63@example.co.za,0783135534,Bloemfontein,Free State,Small Business,2024-05-11
64,Mpho Smith,customer64@example.co.za,0761006810,Polokwane,Limpopo,Corporate,2023-08-11
65,Jason Maseko,customer65@example.co.za,0768411939,Durban,KwaZulu-Natal,Wholesale,2023-03-14
66,Amahle van Wyk,customer66@example.co.za,0792422633,Mbombela,Mpumalanga,Corporate,2024-11-21
67,Ayanda Naidoo,customer67@example.co.za,0714940441,Kimberley,Northern Cape,Corporate,2023-04-06
68,Anele Mokoena,customer68@example.co.za,0825107776,Durban,KwaZulu-Natal,Wholesale,2022-05-30
69,Jason Pillay, customer69@example.co.za,0797442089,East London,Eastern Cape,Wholesale,2024-03-29
70,Anele Mokoena,customer70@example.co.za,0712788238,Durban,KwaZulu-Natal,Wholesale,2023-03-25
71,Liam Ndlovu,customer71@example.co.za,0785180853,Pretoria,Gauteng,Retail,2024-07-23
72,Liam Maseko,customer72@example.co.za,0718425149,Pretoria,Gauteng,Wholesale,2025-01-27
73,Mpho Mahlangu,customer73@example.co.za,0765348512,East London,Eastern Cape,Small Business,2023-07-22
74,Amahle Botha,customer74@example.co.za,0848379837,Mbombela,Mpumalanga,Retail,2023-08-09
75,Nomsa Maseko,customer75@example.co.za,0842351868,Durban,KwaZulu-Natal,Small Business,2022-11-05
76,Chantelle Dlamini,customer76@example.co.za,0794589533,Durban,KwaZulu-Natal,Retail,2024-04-29
77,Ayanda Nkosi,customer77@example.co.za,0762044645,Polokwane,Limpopo,Small Business,2024-05-10
78,Thabo Adams,customer78@example.co.za,0761098919,Polokwane,Limpopo,Corporate,2023-09-04
79,Jason Botha,customer79@example.co.za,0764681284,Polokwane,Limpopo,Corporate,2024-06-11
80,Thabo Adams,customer80@example.co.za,0847783308,East London,Eastern Cape,Small Business,2024-08-15
81,Thabo Adams,customer81@example.co.za,0781454696,Pretoria,Gauteng,Retail,2024-05-27
82,Liam van Wyk,customer82@example.co.za,0825364698,Pretoria,Gauteng,Wholesale,2023-11-02
83,Liam Maseko,customer83@example.co.za,0847360682,Durban,KwaZulu-Natal,Corporate,2024-05-13
84,Sipho Mahlangu,customer84@example.co.za,0821873851,Gqeberha,Eastern Cape,Corporate,2023-04-05
85,Lerato Mokoena,customer85@example.co.za,0834344717,Johannesburg,Gauteng,Retail,2022-11-09
86,Anele Mahlangu,customer86@example.co.za,0792919136,Durban,KwaZulu-Natal,Small Business,2024-08-10
87,Bongani van Wyk,customer87@example.co.za,0782921542,Gqeberha,Eastern Cape,Small Business,2023-09-30
88,Thabo Smith,customer88@example.co.za,0787296605,Johannesburg,Gauteng,Wholesale,2023-02-11
89,Sibusiso Jacobs,customer89@example.co.za,0796059717,Johannesburg,Gauteng,Retail,2025-03-05
90,Bongani Daniels,customer90@example.co.za,0797217147,Cape Town,Western Cape,Retail,2024-11-02
91,Thabo Daniels,customer91@example.co.za,0719224219,Bloemfontein,Free State,Retail,2024-06-06
92,Liam Dlamini,customer92@example.co.za,0763955087,Bloemfontein,Free State,Corporate,2025-01-07
93,Liam Daniels,customer93@example.co.za,0715502929,East London,Eastern Cape,Corporate,2023-05-18
94,Nomsa Nkosi,customer94@example.co.za,0838796514,Johannesburg,Gauteng,Wholesale,2023-11-20
95,Amahle Maseko,customer95@example.co.za,0839179730,Cape Town,Western Cape,Small Business,2023-12-28
96,Ayanda Mthembu,customer96@example.co.za,0785635017,Gqeberha,Eastern Cape,Retail,2024-11-24
97,Sipho Botha,customer97@example.co.za,0797818732,Durban,KwaZulu-Natal,Wholesale,2025-02-11
98,Amahle Mahlangu,customer98@example.co.za,0761289293,Durban,KwaZulu-Natal,Retail,2023-08-26
99,Chantelle Botha,customer99@example.co.za,0847191135,Durban,KwaZulu-Natal,Wholesale,2025-02-07
100,Bongani Daniels,customer100@example.co.za,0796549757,Mbombela,Mpumalanga,Corporate,2024-07-18
101,Kagiso Mthembu,customer101@example.co.za,0833024269,Gqeberha,Eastern Cape,Small Business,2023-10-09
102,Mpho Pillay,customer102@example.co.za,0839123504,Johannesburg,Gauteng,Corporate,2024-12-10
103,Kagiso Jacobs,customer103@example.co.za,0714256752,Kimberley,Northern Cape,Corporate,2023-04-11
104,Mpho Smith,customer104@example.co.za,0829961299,Bloemfontein,Free State,Small Business,2023-07-16
105,Lerato Smith,customer105@example.co.za,0793118618,Cape Town,Western Cape,Wholesale,2022-07-30
106,Kagiso Mahlangu,customer106@example.co.za,0768389840,Cape Town,Western Cape,Corporate,2023-01-13
107,Nomsa Mahlangu,customer107@example.co.za,0822096280,Cape Town,Western Cape,Wholesale,2024-10-04
108,Lerato Dlamini,customer108@example.co.za,0836097514,Johannesburg,Gauteng,Retail,2023-05-24
109,Jason Botha,customer109@example.co.za,0719767312,Johannesburg,Gauteng,Wholesale,2024-07-11
110,Kagiso Daniels,customer110@example.co.za,0842010496,East London,Eastern Cape,Retail,2023-03-02
111,Nomsa Naidoo,customer111@example.co.za,0835024269,Durban,KwaZulu-Natal,Small Business,2025-02-04
112,Mpho Mokoena,customer112@example.co.za,0768558197,Johannesburg,Gauteng,Wholesale,2023-08-20
113,Sibusiso Smith,customer113@example.co.za,0795743227,Cape Town,Western Cape,Wholesale,2022-05-26
114,Nomsa Pillay,customer114@example.co.za,0762925626,Durban,KwaZulu-Natal,Small Business,2022-11-02
115,Anele Naidoo,customer115@example.co.za,0823783722,Gqeberha,Eastern Cape,Corporate,2025-03-11
116,Liam Jacobs,customer116@example.co.za,0766101803,Gqeberha,Eastern Cape,Wholesale,2023-07-12
117,Amahle Nkosi,customer117@example.co.za,0821668752,Mbombela,Mpumalanga,Wholesale,2023-10-23
118,Nomsa Mokoena,customer118@example.co.za,0824840714,Kimberley,Northern Cape,Retail,2023-07-06
119,Lerato van Wyk,customer119@example.co.za,0769706768,Kimberley,Northern Cape,Wholesale,2023-07-24
120,Jason Mahlangu,customer120@example.co.za,0828885465,Pretoria,Gauteng,Corporate,2024-04-16
121,Ayanda Jacobs,customer121@example.co.za,0713698193,Bloemfontein,Free State,Corporate,2024-04-23
122,Kagiso Adams,customer122@example.co.za,0711615675,East London,Eastern Cape,Wholesale,2022-06-30
123,Nomsa Maseko,customer123@example.co.za,0827780932,Bloemfontein,Free State,Retail,2025-01-16
124,Jason Ndlovu,customer124@example.co.za,0839697969,East London,Eastern Cape,Corporate,2024-10-17
125,Lerato Pillay,customer125@example.co.za,0843198037,East London,Eastern Cape,Corporate,2024-06-16
126,Naledi Mokoena,customer126@example.co.za,0795014745,East London,Eastern Cape,Small Business,2023-09-29
127,Thabo Daniels,customer127@example.co.za,0824769851,Mbombela,Mpumalanga,Retail,2024-08-03
128,Anele Mahlangu,customer128@example.co.za,0795896624,Johannesburg,Gauteng,Corporate,2024-04-30
129,Amahle Botha,customer129@example.co.za,0763426689,East London,Eastern Cape,Wholesale,2023-01-26
130,Anele Naidoo,customer130@example.co.za,0847961578,Kimberley,Northern Cape,Corporate,2024-11-05
131,Thabo Smith,customer131@example.co.za,0796008935,Gqeberha,Eastern Cape,Wholesale,2022-11-01
132,Amahle Mabena,customer132@example.co.za,0847328534,East London,Eastern Cape,Wholesale,2023-10-22
133,Sibusiso Adams,customer133@example.co.za,0837891662,Durban,KwaZulu-Natal,Retail,2023-10-14
134,Chantelle Adams,customer134@example.co.za,0793551903,East London,Eastern Cape,Wholesale,2022-03-17
135,Ayanda Jacobs,customer135@example.co.za,0718387112,Pretoria,Gauteng,Retail,2024-12-13
136,Thabo Dlamini,customer136@example.co.za,0763589751,East London,Eastern Cape,Retail,2024-08-19
137,Ayanda Adams,customer137@example.co.za,0792347467,Gqeberha,Eastern Cape,Corporate,2024-12-28
138,Ayanda Mahlangu,customer138@example.co.za,0711602286,Polokwane,Limpopo,Retail,2023-04-26
139,Sibusiso Naidoo,customer139@example.co.za,0762651601,Gqeberha,Eastern Cape,Retail,2024-06-27
140,Kagiso Mokoena,customer140@example.co.za,0826442103,Pretoria,Gauteng,Retail,2023-08-24
141,Bongani Daniels,customer141@example.co.za,0835096953,Bloemfontein,Free State,Wholesale,2025-03-05
142,Mpho van Wyk,customer142@example.co.za,0827418028,Pretoria,Gauteng,Small Business,2024-10-16
143,Anele Botha,customer143@example.co.za,0765261032,Kimberley,Northern Cape,Wholesale,2023-06-07
144,Liam Smith,customer144@example.co.za,0793650391,Cape Town,Western Cape,Retail,2024-06-23
145,Kagiso Daniels,customer145@example.co.za,0795195951,Bloemfontein,Free State,Wholesale,2023-09-11
146,Chantelle Mahlangu,customer146@example.co.za,0824979651,Durban,KwaZulu-Natal,Wholesale,2025-03-17
147,Kagiso Smith,customer147@example.co.za,827640518,Bloemfontein,Free State,Corporate,2022-01-17
148,Lerato Mahlangu,customer148@example.co.za,0715801541,Kimberley,Northern Cape,Small Business,2023-12-23
149,Zanele Mthembu,customer149@example.co.za,0793294774,Durban,KwaZulu-Natal,Retail,2022-03-22
150,Liam Ndlovu,customer150@example.co.za,0787121355,Gqeberha,Eastern Cape,Small Business,2022-07-04
151,Ayanda Daniels,customer151@example.co.za,0834368777,Gqeberha,Eastern Cape,Small Business,2025-01-09
152,Nomsa van Wyk,customer152@example.co.za,0849084065,Bloemfontein,Free State,Corporate,2023-11-25
153,Liam Naidoo,customer153@example.co.za,0834785186,Johannesburg,Gauteng,Wholesale,2025-02-15
154,Sipho Adams,customer154@example.co.za,0825436878,Bloemfontein,Free State,Retail,2024-07-20
155,Nomsa Adams,customer155@example.co.za,0717232293,Bloemfontein,Free State,Retail,2023-04-24
156,Thabo Maseko,customer156@example.co.za,0784713925,East London,Eastern Cape,Retail,2024-08-08
157,Jason Jacobs,customer157@example.co.za,831760793,Gqeberha,Eastern Cape,Retail,2023-09-16
158,Naledi Jacobs,customer158@example.co.za,0833276065,East London,Eastern Cape,Wholesale,2024-07-18
159,Jason Dlamini,customer159@example.co.za,0762661307,Bloemfontein,Free State,Wholesale,2024-04-15
160,Lerato Mabena,customer160@example.co.za,0838438733,Gqeberha,Eastern Cape,Wholesale,2023-04-29
161,Naledi Mabena,customer161@example.co.za,0787017548,Bloemfontein,Free State,Retail,2024-03-26
162,Zanele Jacobs,customer162@example.co.za,0718628891,Gqeberha,Eastern Cape,Retail,2023-03-11
163,Thabo Ndlovu,customer163@example.co.za,0716595355,Kimberley,Northern Cape,Small Business,2022-09-15
164,Zanele Naidoo,customer164@example.co.za,0714475523,Kimberley,Northern Cape,Small Business,2023-04-23
165,Anele Mokoena,customer165@example.co.za,0843427461,Bloemfontein,Free State,Small Business,2025-01-11
166,Mpho Jacobs,customer166@example.co.za,0791432519,Gqeberha,Eastern Cape,Small Business,2022-01-31
167,Sibusiso Maseko,customer167@example.co.za,0823923366,Bloemfontein,Free State,Corporate,2022-04-18
168,Jason Jacobs,customer168@example.co.za,0792066326,Pretoria,Gauteng,Wholesale,2024-07-07
169,Naledi Nkosi,customer169@example.co.za,0784716988,Bloemfontein,Free State,Retail,2024-12-03
170,Liam Mokoena,customer170@example.co.za,0829035982,Gqeberha,Eastern Cape,Wholesale,2024-05-23
171,Amahle Nkosi,customer171@example.co.za,0822355439,Johannesburg,Gauteng,Corporate,2022-10-31
172,Anele Mthembu,customer172@example.co.za,0786455706,Johannesburg,Gauteng,Wholesale,2024-12-22
173,Liam Daniels,customer173@example.co.za,0822919549,Gqeberha,Eastern Cape,Small Business,2024-05-30
174,Sibusiso Daniels,customer174@example.co.za,0848608449,East London,Eastern Cape,Wholesale,2024-05-01
175,Ayanda Daniels,customer175@example.co.za,0845276341,Johannesburg,Gauteng,Corporate,2022-11-09
176,Sipho Naidoo,customer176@example.co.za,0712432176,East London,Eastern Cape,Retail,2024-06-03
177,Bongani Dlamini,customer177@example.co.za,0782006313,Johannesburg,Gauteng,Corporate,2022-09-08
178,Bongani Daniels,customer178@example.co.za,0711863121,Polokwane,Limpopo,Corporate,2023-10-02
179,Naledi Pillay,customer179@example.co.za,0839089795,Bloemfontein,Free State,Small Business,2022-08-10
180,Bongani Jacobs,customer180@example.co.za,0715673599,Bloemfontein,Free State,Small Business,2024-05-28
181,Thabo Mthembu,customer181@example.co.za,0824026879,Mbombela,Mpumalanga,Corporate,2023-09-25
182,Bongani Mokoena,customer182@example.co.za,0833403361,Bloemfontein,Free State,Wholesale,2022-05-23
183,Thabo Naidoo,customer183@example.co.za,0799900022,Pretoria,Gauteng,Small Business,2024-02-10
184,Liam Maseko,customer184@example.co.za,0837208460,Polokwane,Limpopo,Corporate,2023-10-27
185,Sipho Ndlovu,customer185@example.co.za,0833640899,Kimberley,Northern Cape,Retail,2022-06-17
186,Liam Daniels,customer186@example.co.za,0768416270,Gqeberha,Eastern Cape,Wholesale,2023-07-14
187,Naledi Mabena,customer187@example.co.za,0762860421,Durban,KwaZulu-Natal,Corporate,2024-09-23
188,Kagiso Ndlovu,customer188@example.co.za,0837631419,Mbombela,Mpumalanga,Retail,2022-01-16
189,Kagiso Pillay,customer189@example.co.za,0713302417,Durban,KwaZulu-Natal,Corporate,2023-08-16
190,Naledi Mokoena,customer190@example.co.za,0768225192,Bloemfontein,Free State,Small Business,2022-09-22
191,Sibusiso Mabena,customer191@example.co.za,0827661748,Polokwane,Limpopo,Retail,2024-06-12
192,Liam Naidoo,customer192@example.co.za,0716252285,Cape Town,Western Cape,Wholesale,2025-03-20
193,Jason Smith,customer193@example.co.za,0827795314,Polokwane,Limpopo,Retail,2023-10-28
194,Liam Mabena,customer194@example.co.za,0828326807,Pretoria,Gauteng,Retail,2023-05-14
195,Chantelle Naidoo,customer195@example.co.za,0766205543,Polokwane,Limpopo,Corporate,2023-03-30
196,Mpho Naidoo,customer196@example.co.za,0782913049,Bloemfontein,Free State,Small Business,2023-12-17
197,Anele Botha,customer197@example.co.za,0823456926,Bloemfontein,Free State,Corporate,2023-02-09
198,Anele Naidoo,customer198@example.co.za,0839289908,Pretoria,Gauteng,Wholesale,2025-02-28
199,Liam Maseko,customer199@example.co.za,0716303930,Kimberley,Northern Cape,Small Business,2024-06-19
200,Amahle Nkosi,customer200@example.co.za,0796080483,Johannesburg,Gauteng,Corporate,2022-04-26
201,Sipho Smith,customer201@example.co.za,0768581856,Bloemfontein,Free State,Retail,2022-04-27
202,Kagiso Naidoo,customer202@example.co.za,0792514923,Bloemfontein,Free State,Wholesale,2024-08-05
203,Lerato Nkosi,customer203@example.co.za,0714158134,Kimberley,Northern Cape,Corporate,2024-09-01
204,Anele Ndlovu,customer204@example.co.za,0762736473,Mbombela,Mpumalanga,Corporate,2022-06-22
205,Mpho Ndlovu,customer205@example.co.za,0838344365,Mbombela,Mpumalanga,Wholesale,2024-12-09
206,Mpho Mabena,customer206@example.co.za,0845746166,Mbombela,Mpumalanga,Wholesale,2024-04-17
207,Lerato Maseko,customer207@example.co.za,0826531293,Bloemfontein,Free State,Retail,2025-02-16
208,Kagiso Mthembu,customer208@example.co.za,0793522845,Polokwane,Limpopo,Corporate,2022-06-16
209,Anele Mabena,customer209@example.co.za,0847575963,Kimberley,Northern Cape,Small Business,2022-06-23
210,Chantelle Maseko,customer210@example.co.za,0713144023,Gqeberha,Eastern Cape,Retail,2024-05-17
211,Bongani Mokoena,customer211@example.co.za,0846181912,Mbombela,Mpumalanga,Small Business,2023-03-15
212,Amahle Pillay,customer212@example.co.za,0833307963,Bloemfontein,Free State,Small Business,2022-06-08
213,Naledi Ndlovu,customer213@example.co.za,0796649968,Gqeberha,Eastern Cape,Small Business,2024-02-11
214,Mpho van Wyk,customer214@example.co.za,0713777286,Pretoria,Gauteng,Wholesale,2022-03-31
215,Bongani Botha,customer215@example.co.za,0765780297,Polokwane,Limpopo,Wholesale,2023-04-25
216,Sibusiso Smith,customer216@example.co.za,0718868776,Mbombela,Mpumalanga,Small Business,2024-01-24
217,Liam Nkosi,customer217@example.co.za,0715727345,Kimberley,Northern Cape,Wholesale,2024-10-26
218,Jason van Wyk,customer218@example.co.za,0714350371,Mbombela,Mpumalanga,Small Business,2023-05-28
219,Amahle Mabena,customer219@example.co.za,0782721170,Cape Town,Western Cape,Retail,2023-08-07
220,Mpho Mthembu,customer220@example.co.za,0769612629,Johannesburg,Gauteng,Small Business,2024-06-14
221,Sibusiso Nkosi,customer221@example.co.za,0841447451,Johannesburg,Gauteng,Wholesale,2022-04-20
222,Bongani Botha,customer222@example.co.za,0762369112,Polokwane,Limpopo,Corporate,2023-04-05
223,Ayanda Jacobs,customer223@example.co.za,0716625238,Cape Town,Western Cape,Small Business,2022-10-09
224,Kagiso Mahlangu,customer224@example.co.za,0793328554,Cape Town,Western Cape,Wholesale,2024-07-07
225,Thabo Naidoo,customer225@example.co.za,0825293691,Kimberley,Northern Cape,Small Business,2022-11-03
226,Jason Jacobs,customer226@example.co.za,0715833542,Mbombela,Mpumalanga,Small Business,2023-09-09
227,Lerato Botha,customer227@example.co.za,0768669093,Johannesburg,Gauteng,Retail,2022-08-16
228,Thabo Botha,customer228@example.co.za,0793408819,East London,Eastern Cape,Corporate,2024-05-29
229,Bongani Botha,customer229@example.co.za,0787988844,Cape Town,Western Cape,Small Business,2022-06-25
230,Bongani Naidoo,customer230@example.co.za,0789511546,Mbombela,Mpumalanga,Retail,2024-03-10
231,Lerato Adams,customer231@example.co.za,0845255545,East London,Eastern Cape,Retail,2024-01-02
232,Bongani Botha,customer232@example.co.za,0792739191,Johannesburg,Gauteng,Corporate,2022-10-01
233,Bongani Maseko,customer233@example.co.za,0713937508,Cape Town,Western Cape,Wholesale,2024-09-07
234,Anele Naidoo,customer234@example.co.za,0798678589,Pretoria,Gauteng,Retail,2023-08-24
235,Lerato Pillay,customer235@example.co.za,0826294819,Durban,KwaZulu-Natal,Corporate,2024-11-21
236,Amahle Mthembu,customer236@example.co.za,0824206183,Polokwane,Limpopo,Corporate,2024-01-02
237,Ayanda Mthembu,customer237@example.co.za,0827174337,Cape Town,Western Cape,Wholesale,2024-03-30
238,Chantelle Maseko,customer238@example.co.za,0839324908,East London,Eastern Cape,Wholesale,2024-01-23
239,Nomsa Naidoo,customer239@example.co.za,0798121922,Mbombela,Mpumalanga,Retail,2024-05-31
240,Mpho Smith,customer240@example.co.za,0842721307,Kimberley,Northern Cape,Retail,2023-11-03
241,Kagiso Nkosi,customer241@example.co.za,0788149041,Gqeberha,Eastern Cape,Small Business,2024-06-28
242,Liam Ndlovu,customer242@example.co.za,0796914963,Bloemfontein,Free State,Wholesale,2023-07-17
243,Sipho Adams,customer243@example.co.za,0849608154,Cape Town,Western Cape,Small Business,2022-03-05
244,Liam Ndlovu,customer244@example.co.za,0832127988,Pretoria,Gauteng,Small Business,2024-01-21
245,Chantelle Ndlovu,customer245@example.co.za,0783574265,Bloemfontein,Free State,Wholesale,2024-01-30
246,Liam Naidoo,customer246@example.co.za,0783310140,Bloemfontein,Free State,Corporate,2024-03-26
247,Nomsa Botha,customer247@example.co.za,0821434753,Bloemfontein,Free State,Small Business,2024-10-19
248,Chantelle Jacobs,customer248@example.co.za,0845366937,Mbombela,Mpumalanga,Wholesale,2023-03-16
249,Kagiso Mahlangu,customer249@example.co.za,0833057514,Kimberley,Northern Cape,Small Business,2022-06-01
250,Mpho Nkosi,customer250@example.co.za,0826361793,East London,Eastern Cape,Corporate,2022-05-13
251,Kagiso Smith,customer251@example.co.za,0713642499,Mbombela,Mpumalanga,Small Business,2024-01-11
252,Sibusiso Jacobs,customer252@example.co.za,0833329967,Mbombela,Mpumalanga,Small Business,2024-10-08
253,Bongani Mabena,customer253@example.co.za,0763177199,Cape Town,Western Cape,Retail,2022-05-15
254,Chantelle Mahlangu,customer254@example.co.za,0787891998,Gqeberha,Eastern Cape,Wholesale,2025-03-23
255,Anele Maseko,customer255@example.co.za,0792244282,Johannesburg,Gauteng,Wholesale,2024-08-12
256,Bongani Dlamini,customer256@example.co.za,0714052834,Mbombela,Mpumalanga,Small Business,2024-06-05
257,Lerato Jacobs,customer257@example.co.za,0783567173,Mbombela,Mpumalanga,Corporate,2022-12-04
258,Ayanda Botha,customer258@example.co.za,0849705660,Pretoria,Gauteng,Corporate,2022-06-11
259,Zanele Mthembu,customer259@example.co.za,0836080553,Gqeberha,Eastern Cape,Retail,2024-10-26
260,Anele van Wyk,customer260@example.co.za,0796664316,Pretoria,Gauteng,Retail,2022-02-28
261,Lerato Mthembu,customer261@example.co.za,0794536777,Johannesburg,Gauteng,Wholesale,2022-03-04
262,Kagiso Smith,customer262@example.co.za,0765108369,East London,Eastern Cape,Wholesale,2023-09-02
263,Sipho Ndlovu,customer263@example.co.za,0838375356,East London,Eastern Cape,Wholesale,2024-09-18
264,Zanele Maseko,customer264@example.co.za,0783410360,East London,Eastern Cape,Corporate,2023-10-16
265,Chantelle Dlamini,customer265@example.co.za,0717216632,Bloemfontein,Free State,Retail,2023-10-16
266,Liam Jacobs,customer266@example.co.za,0848542969,Durban,KwaZulu-Natal,Small Business,2022-10-16
267,Lerato Smith,customer267@example.co.za,0768015136,Johannesburg,Gauteng,Small Business,2022-11-24
268,Ayanda Pillay,customer268@example.co.za,0713673322,Bloemfontein,Free State,Wholesale,2024-11-20
269,Amahle Smith,customer269@example.co.za,0761388833,East London,Eastern Cape,Retail,2024-03-16
270,Liam Botha,customer270@example.co.za,0836920597,Mbombela,Mpumalanga,Retail,2022-04-14
271,Amahle Mahlangu,customer271@example.co.za,0841137194,Gqeberha,Eastern Cape,Retail,2024-06-01
272,Nomsa Mabena,customer272@example.co.za,0717765480,Pretoria,Gauteng,Corporate,2022-04-03
273,Lerato Pillay,customer273@example.co.za,0845841933,Polokwane,Limpopo,Retail,2024-03-02
274,Liam Mthembu, customer274@example.co.za,712993318,Mbombela,Mpumalanga,Small Business,2022-07-18
275,Bongani Maseko,customer275@example.co.za,0787133857,Polokwane,Limpopo,Small Business,2023-02-12
276,Chantelle Ndlovu,customer276@example.co.za,0821652868,Kimberley,Northern Cape,Small Business,2023-11-14
277,Liam Dlamini,customer277@example.co.za,0789648751,East London,Eastern Cape,Small Business,2023-11-03
278,Ayanda van Wyk,customer278@example.co.za,0766020319,Kimberley,Northern Cape,Corporate,2024-11-04
279,Amahle Smith,customer279@example.co.za,0761279121,Mbombela,Mpumalanga,Corporate,2023-11-10
280,Jason Smith,customer280@example.co.za,0711447065,Johannesburg,Gauteng,Wholesale,2023-06-28
281,Sibusiso Ndlovu,customer281@example.co.za,0789060593,Kimberley,Northern Cape,Small Business,2024-12-09
282,Chantelle Dlamini,customer282@example.co.za,0715063384,Kimberley,Northern Cape,Retail,2025-03-18
283,Zanele Mokoena,customer283@example.co.za,0766262886,Johannesburg,Gauteng,Wholesale,2022-11-07
284,Zanele Daniels,customer284@example.co.za,0788912226,Polokwane,Limpopo,Retail,2022-10-10
285,Zanele Maseko,customer285@example.co.za,0799025733,Mbombela,Mpumalanga,Wholesale,2023-10-05
286,Liam Maseko,customer286@example.co.za,0786943949,Pretoria,Gauteng,Corporate,2024-09-18
287,Sibusiso Mthembu,customer287@example.co.za,0786007984,Durban,KwaZulu-Natal,Small Business,2023-09-02
288,Zanele Mahlangu,customer288@example.co.za,0849049765,Gqeberha,Eastern Cape,Corporate,2025-02-21
289,Kagiso Jacobs,customer289@example.co.za,0787370211,Gqeberha,Eastern Cape,Wholesale,2023-12-08
290,Kagiso Ndlovu,customer290@example.co.za,0842325893,Pretoria,Gauteng,Corporate,2024-06-24
291,Amahle Pillay,customer291@example.co.za,0835548852,Gqeberha,Eastern Cape,Corporate,2022-10-09
292,Sibusiso Botha,customer292@example.co.za,0829909397,Johannesburg,Gauteng,Small Business,2023-04-22
293,Naledi Daniels,customer293@example.co.za,0848925622,Cape Town,Western Cape,Retail,2022-10-09
294,Mpho Daniels,customer294@example.co.za,0798980915,Cape Town,Western Cape,Wholesale,2023-02-13
295,Ayanda Smith,customer295@example.co.za,0791992583,Gqeberha,Eastern Cape,Retail,2025-03-21
296,Lerato van Wyk,customer296@example.co.za,0763949245,Durban,KwaZulu-Natal,Retail,2024-03-24
297,Mpho Smith,customer297@example.co.za,0821155477,East London,Eastern Cape,Corporate,2025-03-09
298,Naledi Maseko,customer298@example.co.za,0848622712,Kimberley,Northern Cape,Wholesale,2022-10-02
299,Liam Mthembu,customer299@example.co.za,0832889899,Mbombela,Mpumalanga,Corporate,2022-11-29
300,Nomsa van Wyk,customer300@example.co.za,0826655803,East London,Eastern Cape,Corporate,2025-03-08
301,Mpho Adams,customer301@example.co.za,0718175669,Durban,KwaZulu-Natal,Corporate,2022-06-27
302,Naledi van Wyk,customer302@example.co.za,0839010350,Polokwane,Limpopo,Corporate,2023-05-24
303,Nomsa Adams,customer303@example.co.za,0838494978,Cape Town,Western Cape,Corporate,2023-11-07
304,Thabo Mthembu,customer304@example.co.za,0797032283,Gqeberha,Eastern Cape,Small Business,2022-05-08
305,Liam Smith,customer305@example.co.za,0837801762,Johannesburg,Gauteng,Corporate,2022-08-29
306,Bongani Botha,customer306@example.co.za,0833240912,Gqeberha,Eastern Cape,Wholesale,2022-11-10
307,Bongani Daniels,customer307@example.co.za,0798899184,East London,Eastern Cape,Small Business,2023-05-22
308,Sipho Nkosi,customer308@example.co.za,0787069742,Kimberley,Northern Cape,Retail,2025-03-01
309,Lerato Pillay,customer309@example.co.za,0783514105,Johannesburg,Gauteng,Small Business,2023-11-03
310,Liam Jacobs,customer310@example.co.za,0794446065,Mbombela,Mpumalanga,Wholesale,2022-07-06
311,Liam Ndlovu,customer311@example.co.za,0763213658,Mbombela,Mpumalanga,Wholesale,2024-07-24
312,Lerato Nkosi,customer312@example.co.za,0796170227,Kimberley,Northern Cape,Retail,2024-03-21
313,Thabo Pillay,customer313@example.co.za,0782225232,Gqeberha,Eastern Cape,Retail,2024-05-17
314,Sipho Ndlovu,customer314@example.co.za,0828920040,Bloemfontein,Free State,Retail,2023-08-11
315,Mpho Dlamini,customer315@example.co.za,0718052503,Polokwane,Limpopo,Corporate,2024-02-23
316,Chantelle Adams,customer316@example.co.za,0823231198,East London,Eastern Cape,Corporate,2022-08-31
317,Chantelle Dlamini,customer317@example.co.za,0794736121,Pretoria,Gauteng,Retail,2022-02-16
318,Liam Daniels,customer318@example.co.za,0787363203,Gqeberha,Eastern Cape,Small Business,2023-05-22
319,Bongani Dlamini,customer319@example.co.za,0844162177,East London,Eastern Cape,Retail,2022-03-07
320,Thabo Botha,customer320@example.co.za,0832128954,Polokwane,Limpopo,Retail,2022-03-10
321,Lerato Botha,customer321@example.co.za,0791742169,East London,Eastern Cape,Wholesale,2024-06-17
322,Zanele Ndlovu,customer322@example.co.za,0839453969,Durban,KwaZulu-Natal,Corporate,2023-04-25
323,Ayanda Maseko,customer323@example.co.za,0836062767,Kimberley,Northern Cape,Small Business,2024-12-03
324,Jason Smith,customer324@example.co.za,0842022699,Durban,KwaZulu-Natal,Small Business,2024-05-24
325,Amahle Ndlovu,customer325@example.co.za,0847394713,Mbombela,Mpumalanga,Corporate,2024-05-02
326,Anele Smith,customer326@example.co.za,0764084977,Polokwane,Limpopo,Wholesale,2023-05-09
327,Kagiso Dlamini,customer327@example.co.za,0718768273,Durban,KwaZulu-Natal,Retail,2025-02-25
328,Jason Dlamini,customer328@example.co.za,0765074489,Polokwane,Limpopo,Corporate,2023-02-21
329,Sipho Nkosi,customer329@example.co.za,0717225647,Bloemfontein,Free State,Retail,2025-01-01
330,Lerato Mthembu,customer330@example.co.za,0761663497,Durban,KwaZulu-Natal,Retail,2023-01-21
331,Zanele Mahlangu,customer331@example.co.za,0836586214,Kimberley,Northern Cape,Corporate,2022-02-01
332,Zanele Jacobs,customer332@example.co.za,0799034958,Durban,KwaZulu-Natal,Small Business,2023-02-23
333,Sibusiso Maseko,customer333@example.co.za,0715748945,Polokwane,Limpopo,Wholesale,2024-08-12
334,Bongani Smith,customer334@example.co.za,0847033835,Mbombela,Mpumalanga,Wholesale,2024-08-12
335,Amahle Maseko,customer335@example.co.za,0837219396,Johannesburg,Gauteng,Corporate,2024-04-27
336,Sibusiso Dlamini,customer336@example.co.za,0825375063,Cape Town,Western Cape,Wholesale,2023-08-28
337,Zanele Maseko,customer337@example.co.za,0837372653,Pretoria,Gauteng,Small Business,2024-10-19
338,Ayanda Mthembu,customer338@example.co.za,0719197701,Mbombela,Mpumalanga,Wholesale,2024-08-01
339,Bongani van Wyk,customer339@example.co.za,0839192588,Pretoria,Gauteng,Small Business,2025-01-15
340,Lerato Naidoo,customer340@example.co.za,0711813936,Cape Town,Western Cape,Retail,2024-04-24
341,Sibusiso Naidoo,customer341@example.co.za,0793533857,Pretoria,Gauteng,Retail,2023-03-24
342,Liam Mabena,customer342@example.co.za,0829106820,Mbombela,Mpumalanga,Wholesale,2022-02-02
343,Jason Mokoena,customer343@example.co.za,0829882154,Cape Town,Western Cape,Corporate,2025-01-02
344,Thabo Daniels,customer344@example.co.za,0714007598,Gqeberha,Eastern Cape,Retail,2022-07-17
345,Anele Botha,customer345@example.co.za,0839832465,Mbombela,Mpumalanga,Corporate,2023-12-27
346,Chantelle Naidoo,customer346@example.co.za,0847812009,Gqeberha,Eastern Cape,Wholesale,2025-03-03
347,Sibusiso Smith,customer347@example.co.za,0792352527,Durban,KwaZulu-Natal,Retail,2022-07-11
348,Chantelle Adams,customer348@example.co.za,0788986040,Polokwane,Limpopo,Retail,2022-01-20
349,Sipho Mahlangu,customer349@example.co.za,0718279795,Pretoria,Gauteng,Corporate,2025-03-04
350,Lerato Botha,customer350@example.co.za,0838977571,Johannesburg,Gauteng,Corporate,2022-04-06
351,Nomsa Ndlovu, customer351@example.co.za,0836276177,Johannesburg,Gauteng,Retail,2023-03-01
352,Anele Adams,customer352@example.co.za,0826021033,Kimberley,Northern Cape,Small Business,2025-02-28
353,Chantelle Maseko,customer353@example.co.za,0763347981,Durban,KwaZulu-Natal,Retail,2024-10-22
354,Lerato Jacobs,customer354@example.co.za,0764894730,Bloemfontein,Free State,Retail,2023-11-29
355,Chantelle Maseko,customer355@example.co.za,0825585666,Kimberley,Northern Cape,Wholesale,2024-10-01
356,Bongani Adams,customer356@example.co.za,0764116163,Durban,KwaZulu-Natal,Wholesale,2022-06-25
357,Kagiso Botha,customer357@example.co.za,0792233237,Kimberley,Northern Cape,Retail,2023-07-03
358,Chantelle Dlamini,customer358@example.co.za,0797536772,Pretoria,Gauteng,Corporate,2024-01-09
359,Sipho Mokoena,customer359@example.co.za,0848461429,Johannesburg,Gauteng,Corporate,2023-07-07
360,Anele Naidoo,customer360@example.co.za,0838230636,Johannesburg,Gauteng,Wholesale,2025-02-14
361,Jason Jacobs,customer361@example.co.za,0822503554,Mbombela,Mpumalanga,Corporate,2025-02-09
362,Ayanda Adams,customer362@example.co.za,0825896386,Johannesburg,Gauteng,Wholesale,2024-03-05
363,Sibusiso van Wyk,customer363@example.co.za,0797387623,Johannesburg,Gauteng,Small Business,2022-10-12
364,Kagiso Mthembu,customer364@example.co.za,0763448380,Gqeberha,Eastern Cape,Retail,2022-12-09
365,Nomsa Daniels,customer365@example.co.za,0849124053,Polokwane,Limpopo,Retail,2024-01-10
366,Sibusiso Mahlangu,customer366@example.co.za,0784280754,Gqeberha,Eastern Cape,Wholesale,2022-08-08
367,Kagiso Mokoena,customer367@example.co.za,0766573679,Pretoria,Gauteng,Wholesale,2023-11-06
368,Ayanda Daniels,customer368@example.co.za,0713283789,East London,Eastern Cape,Corporate,2023-10-19
369,Zanele Mahlangu,customer369@example.co.za,0843980258,Kimberley,Northern Cape,Wholesale,2023-10-16
370,Amahle Botha,customer370@example.co.za,0847309161,Gqeberha,Eastern Cape,Corporate,2024-03-15
371,Naledi Pillay,customer371@example.co.za,0784018677,Bloemfontein,Free State,Retail,2024-08-03
372,Liam Smith,customer372@example.co.za,0712160289,Durban,KwaZulu-Natal,Wholesale,2024-10-19
373,Kagiso Botha,customer373@example.co.za,0843586094,Pretoria,Gauteng,Wholesale,2024-02-12
374,Liam Mahlangu,customer374@example.co.za,0787724393,Johannesburg,Gauteng,Wholesale,2025-01-18
375,Bongani Naidoo,customer375@example.co.za,0825164624,Cape Town,Western Cape,Corporate,2022-12-07
376,Lerato Adams,customer376@example.co.za,0716563269,Kimberley,Northern Cape,Wholesale,2022-08-05
377,Naledi Mthembu,customer377@example.co.za,0839567725,Cape Town,Western Cape,Small Business,2024-07-01
378,Chantelle Nkosi,customer378@example.co.za,0719396422,Bloemfontein,Free State,Small Business,2023-12-08
379,Amahle Jacobs,customer379@example.co.za,0847978909,Cape Town,Western Cape,Retail,2022-08-26
380,Bongani Smith,customer380@example.co.za,0848639213,Pretoria,Gauteng,Small Business,2024-12-03
381,Bongani Mahlangu,customer381@example.co.za,0828351204,East London,Eastern Cape,Wholesale,2023-10-16
382,Kagiso Ndlovu,customer382@example.co.za,0712930810,Johannesburg,Gauteng,Retail,2023-12-04
383,Mpho Botha,customer383@example.co.za,0783926839,Johannesburg,Gauteng,Small Business,2023-11-09
384,Jason Nkosi,customer384@example.co.za,0837795568,Mbombela,Mpumalanga,Small Business,2023-01-17
385,Chantelle Mokoena,customer385@example.co.za,0794310554,Polokwane,Limpopo,Wholesale,2024-05-29
386,Thabo Pillay,customer386@example.co.za,0835669851,Polokwane,Limpopo,Retail,2025-03-28
387,Mpho Mabena,customer387@example.co.za,0844306357,Johannesburg,Gauteng,Wholesale,2022-08-22
388,Amahle Maseko,customer388@example.co.za,0787520284,Gqeberha,Eastern Cape,Wholesale,2022-08-22
389,Bongani Nkosi,customer389@example.co.za,0783894531,Bloemfontein,Free State,Corporate,2022-06-23
390,Ayanda Jacobs,customer390@example.co.za,0836123426,Pretoria,Gauteng,Retail,2023-01-10
391,Anele Adams,customer391@example.co.za,0763313029,Bloemfontein,Free State,Wholesale,2024-05-16
392,Amahle van Wyk,customer392@example.co.za,0783799538,Pretoria,Gauteng,Wholesale,2023-08-15
393,Mpho Maseko,customer393@example.co.za,0718566540,Pretoria,Gauteng,Retail,2024-01-06
394,Amahle Dlamini,customer394@example.co.za,0837441514,Cape Town,Western Cape,Wholesale,2024-04-17
395,Jason Nkosi,customer395@example.co.za,0763806047,East London,Eastern Cape,Retail,2025-03-03
396,Sibusiso Smith,customer396@example.co.za,0825611266,Cape Town,Western Cape,Small Business,2025-01-06
397,Mpho Nkosi,customer397@example.co.za,0789309978,Gqeberha,Eastern Cape,Retail,2025-03-18
398,Nomsa Mabena,customer398@example.co.za,0781698108,Johannesburg,Gauteng,Wholesale,2025-01-23
399,Jason Jacobs,customer399@example.co.za,0795152891,Durban,KwaZulu-Natal,Corporate,2022-03-08
400,Nomsa Mabena,customer400@example.co.za,0712459332,East London,Eastern Cape,Wholesale,2022-08-29
401,Zanele Mabena,customer401@example.co.za,0718183451,Durban,KwaZulu-Natal,Small Business,2022-10-13
402,Zanele Ndlovu,customer402@example.co.za,0786885707,Durban,KwaZulu-Natal,Corporate,2025-01-08
403,Ayanda Smith,customer403@example.co.za,0845485272,Pretoria,Gauteng,Retail,2022-10-05
404,Lerato Mthembu,customer404@example.co.za,0713128830,Polokwane,Limpopo,Small Business,2023-05-27
405,Ayanda Botha,customer405@example.co.za,0717588425,Pretoria,Gauteng,Wholesale,2022-10-19
406,Nomsa Daniels,customer406@example.co.za,0768583162,Kimberley,Northern Cape,Retail,2022-07-10
407,Nomsa Mabena,customer407@example.co.za,0769188027,Polokwane,Limpopo,Corporate,2025-04-06
408,Sipho Nkosi,customer408@example.co.za,0797009980,Cape Town,Western Cape,Retail,2024-12-30
409,Zanele Daniels,customer409@example.co.za,0714554277,Polokwane,Limpopo,Wholesale,2023-07-04
410,Kagiso Maseko,customer410@example.co.za,0783191007,Bloemfontein,Free State,Wholesale,2023-12-05
411,Lerato Jacobs,customer411@example.co.za,0798710502,Cape Town,Western Cape,Retail,2022-09-12
412,Liam Nkosi,customer412@example.co.za,0828177281,Pretoria,Gauteng,Small Business,2022-09-28
413,Mpho Mthembu,customer413@example.co.za,0827047102,Gqeberha,Eastern Cape,Corporate,2022-06-18
414,Mpho Ndlovu,customer414@example.co.za,0766125594,Bloemfontein,Free State,Small Business,2024-05-29
415,Naledi Mokoena,customer415@example.co.za,0838999489,Johannesburg,Gauteng,Retail,2022-09-29
416,Sibusiso Nkosi,customer416@example.co.za,0821135267,Kimberley,Northern Cape,Corporate,2022-09-04
417,Anele Mahlangu,customer417@example.co.za,0824841091,Polokwane,Limpopo,Wholesale,2022-07-02
418,Naledi Maseko,customer418@example.co.za,0846020671,Johannesburg,Gauteng,Small Business,2024-02-23
419,Anele Naidoo,customer419@example.co.za,0781142182,Pretoria,Gauteng,Small Business,2024-06-20
420,Zanele Dlamini,customer420@example.co.za,0768421969,Bloemfontein,Free State,Small Business,2022-06-27
421,Anele Jacobs,customer421@example.co.za,0787442986,Johannesburg,Gauteng,Corporate,2024-05-29
422,Anele Botha,customer422@example.co.za,0842413458,Bloemfontein,Free State,Small Business,2025-02-07
423,Kagiso Mokoena,customer423@example.co.za,0716060836,Kimberley,Northern Cape,Small Business,2024-11-26
424,Zanele Adams,customer424@example.co.za,0841915518,Kimberley,Northern Cape,Small Business,2024-10-10
425,Naledi Botha,customer425@example.co.za,0762191383,Polokwane,Limpopo,Retail,2024-01-10
426,Anele Adams,customer426@example.co.za,0718060918,Bloemfontein,Free State,Corporate,2025-01-23
427,Amahle Naidoo,customer427@example.co.za,0822133008,Pretoria,Gauteng,Retail,2023-06-21
428,Lerato Ndlovu,customer428@example.co.za,0717676912,Durban,KwaZulu-Natal,Corporate,2024-10-23
429,Jason Adams,customer429@example.co.za,0823561552,Polokwane,Limpopo,Corporate,2022-06-21
430,Sipho Pillay,customer430@example.co.za,0713606795,Gqeberha,Eastern Cape,Corporate,2024-03-11
431,Sipho Smith,customer431@example.co.za,0798339797,Kimberley,Northern Cape,Small Business,2022-04-29
432,Sipho Daniels,customer432@example.co.za,0828606317,Durban,KwaZulu-Natal,Retail,2023-09-26
433,Naledi Mokoena,customer433@example.co.za,0793302031,Pretoria,Gauteng,Retail,2022-12-02
434,Bongani Mthembu,customer434@example.co.za,0837238933,East London,Eastern Cape,Small Business,2023-07-05
435,Thabo Maseko,customer435@example.co.za,0718202871,Johannesburg,Gauteng,Corporate,2024-12-08
436,Nomsa Naidoo,customer436@example.co.za,0768636951,Johannesburg,Gauteng,Corporate,2022-04-24
437,Mpho Mabena,customer437@example.co.za,0835280137,East London,Eastern Cape,Retail,2025-03-21
438,Sibusiso Mokoena,customer438@example.co.za,0821206159,Johannesburg,Gauteng,Small Business,2022-04-05
439,Bongani Adams,customer439@example.co.za,0834002466,East London,Eastern Cape,Retail,2025-02-06
440,Sibusiso Maseko,customer440@example.co.za,0837983626,Polokwane,Limpopo,Corporate,2023-07-10
441,Bongani Jacobs,customer441@example.co.za,0781883692,Johannesburg,Gauteng,Small Business,2023-04-03
442,Lerato Adams,customer442@example.co.za,828802985,Mbombela,Mpumalanga,Corporate,2023-09-29
443,Sipho Nkosi,customer443@example.co.za,0827189439,Bloemfontein,Free State,Small Business,2023-08-21
444,Kagiso Botha,customer444@example.co.za,0767178606,Kimberley,Northern Cape,Wholesale,2023-02-05
445,Sibusiso Dlamini,customer445@example.co.za,0827879264,Mbombela,Mpumalanga,Retail,2023-04-23
446,Bongani Mokoena,customer446@example.co.za,0841024528,Mbombela,Mpumalanga,Wholesale,2023-09-22
447,Zanele Botha,customer447@example.co.za,0769254874,Johannesburg,Gauteng,Retail,2022-10-19
448,Sipho Ndlovu,customer448@example.co.za,0839720112,Gqeberha,Eastern Cape,Wholesale,2024-02-02
449,Sipho Jacobs,customer449@example.co.za,0783239990,East London,Eastern Cape,Wholesale,2022-06-03
450,Lerato Daniels,customer450@example.co.za,0793192921,Kimberley,Northern Cape,Small Business,2023-08-21
451,Ayanda Adams,customer451@example.co.za,0796473593,Gqeberha,Eastern Cape,Corporate,2024-07-16
452,Sibusiso Naidoo,customer452@example.co.za,0833283577,Gqeberha,Eastern Cape,Retail,2022-11-15
453,Mpho Nkosi,customer453@example.co.za,0766268604,Johannesburg,Gauteng,Wholesale,2022-09-05
454,Bongani Pillay,customer454@example.co.za,0766172545,Mbombela,Mpumalanga,Wholesale,2023-06-27
455,Sipho van Wyk,customer455@example.co.za,0716103880,Johannesburg,GAUTENG,Retail,2023-03-17
456,Anele Naidoo,customer456@example.co.za,0795164420,Bloemfontein,Free State,Corporate,2024-03-22
457,Lerato Smith,customer457@example.co.za,0843917016,Mbombela,Mpumalanga,Retail,2024-04-08
458,Sibusiso Jacobs,customer458@example.co.za,0762709721,East London,Eastern Cape,Small Business,2022-09-06
459,Lerato Botha,customer459@example.co.za,0834324120,Cape Town,Western Cape,Wholesale,2024-02-02
460,Nomsa Naidoo,customer460@example.co.za,0822081661,Johannesburg,Gauteng,Small Business,2024-06-27
461,Sipho Maseko,customer461@example.co.za,0821716325,Pretoria,Gauteng,Wholesale,2022-04-14
462,Jason Adams,customer462@example.co.za,0761494630,Pretoria,Gauteng,Wholesale,2024-05-23
463,Bongani Pillay, customer463@example.co.za,0835613428,Pretoria,Gauteng,Corporate,2024-07-02
464,Lerato Botha,customer464@example.co.za,0795951043,Pretoria,Gauteng,Wholesale,2024-04-23
465,Amahle Ndlovu,customer465@example.co.za,0825693862,Mbombela,Mpumalanga,Wholesale,2022-10-09
466,Zanele Botha,customer466@example.co.za,0791327658,Polokwane,Limpopo,Wholesale,2024-01-06
467,Amahle Mabena,customer467@example.co.za,0789428760,East London,Eastern Cape,Corporate,2024-03-06
468,Mpho Mokoena,customer468@example.co.za,0844674549,Gqeberha,Eastern Cape,Retail,2023-07-30
469,Amahle Mabena,customer469@example.co.za,0714905100,Cape Town,Western Cape,Small Business,2022-07-25
470,Sibusiso Mthembu,customer470@example.co.za,0781937991,Durban,KwaZulu-Natal,Small Business,2025-03-25
471,Bongani van Wyk,customer471@example.co.za,0834968669,Polokwane,Limpopo,Corporate,2024-01-05
472,Thabo Mabena,customer472@example.co.za,0783384080,Kimberley,Northern Cape,Small Business,2024-10-05
473,Kagiso van Wyk,customer473@example.co.za,0761636925,Mbombela,Mpumalanga,Retail,2022-04-26
474,Sibusiso Mokoena,customer474@example.co.za,0789019324,Durban,KwaZulu-Natal,Retail,2023-11-11
475,Zanele Dlamini,customer475@example.co.za,0843977282,Kimberley,Northern Cape,Corporate,2022-05-02
476,Anele Dlamini,customer476@example.co.za,0712860938,Cape Town,Western Cape,Corporate,2022-05-29
477,Chantelle Jacobs,customer477@example.co.za,0846062779,Bloemfontein,Free State,Corporate,2022-10-07
478,Jason Mahlangu,customer478@example.co.za,0796323132,Pretoria,Gauteng,Small Business,2025-02-24
479,Bongani Botha,customer479@example.co.za,0793941912,Kimberley,Northern Cape,Wholesale,2023-09-21
480,Anele van Wyk,customer480@example.co.za,0791030163,Gqeberha,Eastern Cape,Wholesale,2025-03-08
481,Mpho Maseko,customer481@example.co.za,0714706007,Cape Town,Western Cape,Retail,2024-10-13
482,Ayanda Naidoo,customer482@example.co.za,0836818508,Pretoria,Gauteng,Corporate,2022-12-10
483,Ayanda Nkosi,customer483@example.co.za,0825449526,Johannesburg,Gauteng,Small Business,2023-05-27
484,Bongani Mthembu,customer484@example.co.za,0712812519,Johannesburg,Gauteng,Retail,2022-04-09
485,Liam Daniels,customer485@example.co.za,0837946088,Polokwane,Limpopo,Wholesale,2024-02-15
486,Chantelle Jacobs,customer486@example.co.za,0719044494,Bloemfontein,Free State,Small Business,2022-11-30
487,Sipho Ndlovu,customer487@example.co.za,0841336852,East London,Eastern Cape,Corporate,2023-06-19
488,Sipho Maseko,customer488@example.co.za,0837299138,Johannesburg,Gauteng,Small Business,2022-06-03
489,Sipho Maseko,customer489@example.co.za,0789098979,Mbombela,Mpumalanga,Retail,2024-06-02
490,Jason van Wyk,customer490@example.co.za,0822698824,Pretoria,Gauteng,Corporate,2023-02-25
491,Jason Mthembu,customer491@example.co.za,0795723173,Durban,KwaZulu-Natal,Corporate,2023-05-02
492,Lerato Adams,customer492@example.co.za,0789236745,Johannesburg,Gauteng,Small Business,2022-04-22
493,Thabo Daniels,customer493@example.co.za,0825941719,Bloemfontein,Free State,Wholesale,2023-02-13
494,Thabo Pillay,customer494@example.co.za,0835895783,Johannesburg,Gauteng,Retail,2024-08-27
495,Kagiso Adams,customer495@example.co.za,0769205682,Johannesburg,Gauteng,Corporate,2022-07-06
496,Chantelle van Wyk,customer496@example.co.za,0847399588,Mbombela,Mpumalanga,Corporate,2023-01-18
497,Lerato Mthembu,customer497@example.co.za,0768802377,East London,Eastern Cape,Corporate,2023-04-09
498,Lerato Dlamini,customer498@example.co.za,0712622400,Gqeberha,Eastern Cape,Retail,2023-12-06
499,Jason Botha,customer499@example.co.za,0782023137,Mbombela,Mpumalanga,Wholesale,2024-12-06
500,Amahle Botha,customer500@example.co.za,0766013906,Polokwane,Limpopo,Retail,2024-03-19
501,Anele Jacobs,customer501@example.co.za,0718533636,Cape Town,Western Cape,Small Business,2022-12-09
502,Zanele Dlamini,customer502@example.co.za,0828103052,Durban,KwaZulu-Natal,Retail,2024-06-10
503,Anele Mthembu,customer503@example.co.za,0842124274,Durban,KwaZulu-Natal,Retail,2024-03-05
504,Chantelle Maseko,customer504@example.co.za,0715633880,Mbombela,Mpumalanga,Wholesale,2022-01-26
505,Jason Jacobs,customer505@example.co.za,0763510581,Kimberley,Northern Cape,Small Business,2025-03-06
506,Naledi Jacobs,customer506@example.co.za,0782694338,Kimberley,Northern Cape,Corporate,2025-01-01
507,Jason Mthembu,customer507@example.co.za,0769146760,Bloemfontein,Free State,Wholesale,2022-03-18
508,Nomsa Adams,customer508@example.co.za,0837739741,Pretoria,Gauteng,Retail,2024-03-21
509,Sibusiso Ndlovu,customer509@example.co.za,0798972838,Bloemfontein,Free State,Corporate,2024-02-02
510,Ayanda Smith,customer510@example.co.za,0845703436,Cape Town,Western Cape,Wholesale,2022-07-21
511,Anele Smith,customer511@example.co.za,0798434162,Durban,KwaZulu-Natal,Corporate,2023-07-06
512,Sipho Pillay,customer512@example.co.za,0764546544,Polokwane,Limpopo,Wholesale,2024-09-19
513,Bongani Ndlovu,customer513@example.co.za,0783667115,Mbombela,Mpumalanga,Retail,2023-09-30
514,Chantelle Dlamini, customer514@example.co.za,0719796063,Mbombela,Mpumalanga,Retail,2022-12-22
515,Zanele Ndlovu,customer515@example.co.za,0831554840,Durban,KwaZulu-Natal,Wholesale,2022-04-14
516,Zanele Mthembu,customer516@example.co.za,0848788293,Bloemfontein,Free State,Wholesale,2022-09-11
517,Sibusiso Mabena,customer517@example.co.za,0768484373,Cape Town,Western Cape,Small Business,2024-08-29
518,Bongani Mabena,customer518@example.co.za,0835339593,Kimberley,Northern Cape,Retail,2023-08-07
519,Chantelle Ndlovu,customer519@example.co.za,0834595669,Cape Town,Western Cape,Small Business,2023-04-07
520,Nomsa Daniels,customer520@example.co.za,0781336422,Durban,KwaZulu-Natal,Retail,2024-08-28
521,Mpho Mokoena,customer521@example.co.za,0835234408,Pretoria,Gauteng,Corporate,2023-07-18
522,Chantelle Mabena,customer522@example.co.za,0765227836,Polokwane,Limpopo,Small Business,2024-08-13
523,Chantelle Jacobs,customer523@example.co.za,0829581776,Gqeberha,Eastern Cape,Corporate,2025-02-23
524,Kagiso Smith,customer524@example.co.za,0792813693,Kimberley,Northern Cape,Wholesale,2022-05-11
525,Nomsa Maseko,customer525@example.co.za,0715645358,Bloemfontein,Free State,Corporate,2023-09-04
526,Anele Botha,customer526@example.co.za,0827779646,Durban,KwaZulu-Natal,Corporate,2022-10-14
527,Amahle Smith,customer527@example.co.za,0848022366,Cape Town,Western Cape,Wholesale,2024-03-06
528,Zanele Maseko,customer528@example.co.za,0794730635,Cape Town,Western Cape,Wholesale,2024-01-05
529,Kagiso van Wyk,customer529@example.co.za,0714038955,Mbombela,Mpumalanga,Corporate,2022-07-19
530,Anele Mthembu,customer530@example.co.za,0794071377,East London,Eastern Cape,Corporate,2022-07-02
531,Bongani Botha,customer531@example.co.za,0796152035,Durban,KwaZulu-Natal,Wholesale,2023-11-10
532,Nomsa Smith,customer532@example.co.za,0762976045,Bloemfontein,Free State,Wholesale,2022-04-20
533,Sipho Mahlangu,customer533@example.co.za,0839396617,Kimberley,Northern Cape,Retail,2024-02-21
534,Kagiso Daniels,customer534@example.co.za,0823529642,Mbombela,Mpumalanga,Small Business,2023-02-15
535,Jason Nkosi,customer535@example.co.za,0836308033,Bloemfontein,Free State,Small Business,2022-06-15
536,Ayanda van Wyk,customer536@example.co.za,0841973306,East London,Eastern Cape,Retail,2024-07-14
537,Zanele van Wyk,customer537@example.co.za,0783658100,Gqeberha,Eastern Cape,Wholesale,2022-06-30
538,Jason Daniels,customer538@example.co.za,0768197852,Pretoria,Gauteng,Wholesale,2024-02-25
539,Lerato Pillay,customer539@example.co.za,0797259602,Cape Town,Western Cape,Retail,2023-10-22
540,Zanele Mokoena,customer540@example.co.za,0791069186,Mbombela,Mpumalanga,Small Business,2023-04-09
541,Kagiso Dlamini, customer541@example.co.za,0827434909,Bloemfontein,Free State,Corporate,2022-12-09
542,Lerato Smith,customer542@example.co.za,0848649174,Johannesburg,Gauteng,Corporate,2024-06-07
543,Ayanda Mahlangu,customer543@example.co.za,0844161264,Pretoria,Gauteng,Small Business,2024-04-06
544,Sibusiso Botha,customer544@example.co.za,0793201267,Cape Town,Western Cape,Small Business,2022-02-14
545,Mpho Jacobs,customer545@example.co.za,0841626854,Kimberley,Northern Cape,Wholesale,2023-06-08
546,Lerato Ndlovu,customer546@example.co.za,0792813842,Mbombela,Mpumalanga,Retail,2022-04-09
547,Jason Nkosi,customer547@example.co.za,0763073581,Johannesburg,Gauteng,Corporate,2024-08-29
548,Zanele Mokoena,customer548@example.co.za,0848061051,Pretoria,Gauteng,Retail,2024-12-01
549,Anele Daniels,customer549@example.co.za,0712760168,Gqeberha,Eastern Cape,Retail,2023-08-02
550,Naledi Mahlangu,customer550@example.co.za,0834351238,Johannesburg,Gauteng,Corporate,2024-12-07
551,Bongani Daniels,customer551@example.co.za,0843690622,Durban,KwaZulu-Natal,Retail,2025-01-27
552,Zanele Mahlangu,customer552@example.co.za,0844934345,East London,Eastern Cape,Retail,2022-01-27
553,Naledi Mahlangu,customer553@example.co.za,0832511336,Johannesburg,Gauteng,Retail,2022-07-27
554,Sibusiso Nkosi,customer554@example.co.za,0845431282,Gqeberha,Eastern Cape,Wholesale,2022-04-13
555,Mpho Ndlovu,customer555@example.co.za,0715874908,Johannesburg,Gauteng,Corporate,2023-10-03
556,Naledi Jacobs,customer556@example.co.za,0711769891,Polokwane,Limpopo,Retail,2022-10-11
557,Ayanda Mabena,customer557@example.co.za,0765501484,Pretoria,Gauteng,Retail,2024-02-03
558,Mpho Jacobs,customer558@example.co.za,0767715084,Bloemfontein,Free State,Wholesale,2023-07-11
559,Amahle Daniels,customer559@example.co.za,0793798082,Polokwane,Limpopo,Retail,2022-09-29
560,Mpho Jacobs,customer560@example.co.za,0769097940,Cape Town,Western Cape,Wholesale,2023-01-07
561,Chantelle Mabena,customer561@example.co.za,0781483456,Kimberley,Northern Cape,Small Business,2024-09-16
562,Naledi Daniels,customer562@example.co.za,0761771287,East London,Eastern Cape,Retail,2023-06-20
563,Thabo Botha,customer563@example.co.za,0796675742,Bloemfontein,Free State,Retail,2024-06-05
564,Amahle Mabena,customer564@example.co.za,0797457158,Durban,KwaZulu-Natal,Small Business,2025-02-17
565,Lerato Mokoena,customer565@example.co.za,0793632804,Kimberley,Northern Cape,Wholesale,2024-10-12
566,Sipho Mahlangu,customer566@example.co.za,0845041494,Pretoria,Gauteng,Corporate,2023-07-24
567,Sibusiso Adams,customer567@example.co.za,0764942645,Cape Town,Western Cape,Retail,2024-07-29
568,Liam Naidoo,customer568@example.co.za,0719362706,East London,Eastern Cape,Wholesale,2023-10-10
569,Amahle Mokoena,customer569@example.co.za,0827768594,Johannesburg,Gauteng,Wholesale,2022-03-15
570,Thabo Naidoo,customer570@example.co.za,0716110305,Mbombela,Mpumalanga,Small Business,2024-07-23
571,Bongani Ndlovu,customer571@example.co.za,0714739945,Bloemfontein,Free State,Wholesale,2023-11-11
572,Amahle Mabena,customer572@example.co.za,0798592234,Mbombela,Mpumalanga,Retail,2022-07-19
573,Thabo Maseko,customer573@example.co.za,0845898671,Durban,KwaZulu-Natal,Corporate,2022-08-06
574,Mpho Mahlangu,customer574@example.co.za,0837865417,Cape Town,Western Cape,Retail,2023-06-05
575,Zanele Pillay,customer575@example.co.za,0827591709,Kimberley,Northern Cape,Small Business,2024-07-25
576,Ayanda Jacobs,customer576@example.co.za,0717953658,Durban,KwaZulu-Natal,Retail,2022-09-10
577,Liam Dlamini,customer577@example.co.za,0761072773,East London,Eastern Cape,Retail,2025-02-07
578,Amahle van Wyk,customer578@example.co.za,0793913368,Polokwane,Limpopo,Small Business,2022-08-01
579,Ayanda Adams,customer579@example.co.za,0765164755,Polokwane,Limpopo,Corporate,2024-03-25
580,Kagiso Nkosi,customer580@example.co.za,0713237608,Bloemfontein,Free State,Small Business,2024-04-25
581,Kagiso Maseko,customer581@example.co.za,0794646403,Kimberley,Northern Cape,Small Business,2023-03-06
582,Kagiso Mabena,customer582@example.co.za,0793225862,Kimberley,Northern Cape,Small Business,2024-10-28
583,Ayanda Jacobs,customer583@example.co.za,0716909569,Mbombela,Mpumalanga,Wholesale,2025-04-08
584,Jason Smith,customer584@example.co.za,0718086467,Kimberley,Northern Cape,Retail,2024-12-06
585,Thabo Adams,customer585@example.co.za,0831890282,Johannesburg,Gauteng,Retail,2023-02-14
586,Mpho Smith,customer586@example.co.za,0795203716,Gqeberha,Eastern Cape,Small Business,2022-05-08
587,Zanele Ndlovu,customer587@example.co.za,0848593275,Gqeberha,Eastern Cape,Retail,2025-02-24
588,Chantelle Botha,customer588@example.co.za,0785825775,Durban,KwaZulu-Natal,Retail,2024-02-21
589,Jason Maseko,customer589@example.co.za,0781902651,Polokwane,Limpopo,Retail,2023-05-30
590,Liam Botha,customer590@example.co.za,0797169672,Durban,KwaZulu-Natal,Small Business,2023-02-01
591,Liam van Wyk,customer591@example.co.za,0792249382,Gqeberha,Eastern Cape,Small Business,2022-12-22
592,Naledi Adams,customer592@example.co.za,0828189168,Mbombela,Mpumalanga,Corporate,2025-02-13
593,Anele van Wyk,customer593@example.co.za,0785278461,Gqeberha,Eastern Cape,Retail,2023-11-08
594,Anele Ndlovu,customer594@example.co.za,0836412833,East London,Eastern Cape,Retail,2023-09-09
595,Bongani Naidoo,customer595@example.co.za,0716332789,East London,Eastern Cape,Small Business,2023-01-12
596,Sipho van Wyk,customer596@example.co.za,0767768215,Mbombela,Mpumalanga,Retail,2023-12-17
597,Zanele Maseko,customer597@example.co.za,0847053183,Durban,KwaZulu-Natal,Corporate,2023-03-24
598,Amahle Mokoena,customer598@example.co.za,0826805039,Kimberley,Northern Cape,Wholesale,2023-05-08
599,Sibusiso Ndlovu,customer599@example.co.za,0796384429,Kimberley,Northern Cape,Wholesale,2022-08-21
600,Nomsa Smith,customer600@example.co.za,0829671603,Polokwane,Limpopo,Corporate,2024-11-19
601,Liam Mahlangu,customer601@example.co.za,0825973336,Mbombela,Mpumalanga,Small Business,2023-10-19
602,Sipho Jacobs,customer602@example.co.za,0839945709,Mbombela,Mpumalanga,Retail,2022-05-15
603,Zanele Daniels,customer603@example.co.za,0712743602,Durban,KwaZulu-Natal,Small Business,2025-01-06
604,Sipho Dlamini,customer604@example.co.za,0828704520,Polokwane,Limpopo,Corporate,2022-03-19
605,Sipho Ndlovu,customer605@example.co.za,0835226314,Johannesburg,Gauteng,Retail,2025-03-23
606,Nomsa Daniels,customer606@example.co.za,0768568632,Durban,KwaZulu-Natal,Wholesale,2024-06-05
607,Thabo Adams,customer607@example.co.za,0792984841,Bloemfontein,Free State,Retail,2022-05-10
608,Lerato Naidoo,customer608@example.co.za,0849436204,Kimberley,Northern Cape,Retail,2023-08-17
609,Sipho Smith,customer609@example.co.za,0718342987,Gqeberha,Eastern Cape,Wholesale,2024-03-20
610,Amahle van Wyk,customer610@example.co.za,0784688734,Cape Town,Western Cape,Small Business,2024-03-11
611,Kagiso Dlamini,customer611@example.co.za,0847260091,Mbombela,Mpumalanga,Retail,2025-02-07
612,Anele Jacobs, customer612@example.co.za,0821084386,Mbombela,Mpumalanga,Wholesale,2025-01-05
613,Sipho Smith,customer613@example.co.za,0836768873,Mbombela,Mpumalanga,Small Business,2024-04-25
614,Anele van Wyk,customer614@example.co.za,0834704207,Mbombela,Mpumalanga,Corporate,2023-02-02
615,Mpho Ndlovu,customer615@example.co.za,0718738745,Johannesburg,Gauteng,Retail,2023-08-19
616,Nomsa Jacobs,customer616@example.co.za,0839173698,Johannesburg,Gauteng,Corporate,2024-01-02
617,Sibusiso Jacobs,customer617@example.co.za,0842171198,Pretoria,Gauteng,Small Business,2023-10-13
618,Liam Maseko,customer618@example.co.za,0786128383,East London,Eastern Cape,Small Business,2025-03-04
619,Bongani Maseko,customer619@example.co.za,0763829301,Kimberley,Northern Cape,Retail,2023-10-04
620,Sibusiso Daniels,customer620@example.co.za,0847031174,Durban,KwaZulu-Natal,Small Business,2023-11-11
621,Liam Nkosi,customer621@example.co.za,0846124966,East London,Eastern Cape,Wholesale,2025-02-03
622,Mpho Naidoo,customer622@example.co.za,0715707954,Johannesburg,Gauteng,Small Business,2025-01-08
623,Nomsa Naidoo,customer623@example.co.za,0792265001,Durban,KwaZulu-Natal,Retail,2024-11-04
624,Chantelle Pillay,customer624@example.co.za,0825372416,Cape Town,Western Cape,Wholesale,2022-11-01
625,Chantelle Botha,customer625@example.co.za,0715882155,Bloemfontein,Free State,Small Business,2024-08-09
626,Sipho Adams,customer626@example.co.za,0849424968,Mbombela,Mpumalanga,Retail,2023-05-05
627,Mpho Dlamini,customer627@example.co.za,0763671308,Kimberley,Northern Cape,Small Business,2025-03-05
628,Anele Mahlangu,customer628@example.co.za,0841678132,Kimberley,Northern Cape,Small Business,2024-09-25
629,Sipho Mthembu,customer629@example.co.za,0844926181,Durban,KwaZulu-Natal,Retail,2023-02-28
630,Bongani Adams,customer630@example.co.za,0768627651,Mbombela,Mpumalanga,Retail,2022-03-23
631,Naledi Mthembu,customer631@example.co.za,0715417710,Bloemfontein,Free State,Small Business,2024-02-11
632,Bongani Naidoo,customer632@example.co.za,0785220919,Polokwane,Limpopo,Wholesale,2023-04-02
633,Chantelle Mabena,customer633@example.co.za,0716788681,Mbombela,Mpumalanga,Wholesale,2024-09-14
634,Thabo Dlamini, customer634@example.co.za,0763778404,Kimberley,Northern Cape,Small Business,2022-06-07
635,Nomsa Pillay,customer635@example.co.za,0834135756,Mbombela,Mpumalanga,Small Business,2024-01-12
636,Naledi Botha,customer636@example.co.za,0766540252,Kimberley,Northern Cape,Retail,2024-09-13
637,Amahle Pillay,customer637@example.co.za,0783705263,East London,Eastern Cape,Wholesale,2022-02-15
638,Lerato Dlamini,customer638@example.co.za,0783703298,Durban,KwaZulu-Natal,Small Business,2024-11-15
639,Anele Ndlovu,customer639@example.co.za,0835332877,Cape Town,Western Cape,Small Business,2024-11-24
640,Thabo Smith,customer640@example.co.za,0824633834,Polokwane,Limpopo,Wholesale,2024-08-23
641,Mpho Botha,customer641@example.co.za,0717891524,East London,Eastern Cape,Small Business,2025-04-08
642,Nomsa van Wyk,customer642@example.co.za,0796749069,Pretoria,Gauteng,Wholesale,2022-05-21
643,Chantelle Adams,customer643@example.co.za,0832821504,Durban,KwaZulu-Natal,Retail,2023-02-19
644,Jason Dlamini,customer644@example.co.za,0782615622,Mbombela,Mpumalanga,Small Business,2024-09-01
645,Lerato Jacobs,customer645@example.co.za,0829090660,Kimberley,Northern Cape,Small Business,2025-01-09
646,Jason Daniels,customer646@example.co.za,0841728773,Cape Town,Western Cape,Wholesale,2023-04-15
647,Chantelle Mabena,customer647@example.co.za,0782639417,East London,Eastern Cape,Wholesale,2022-10-02
648,Amahle Botha,customer648@example.co.za,0712406225,Gqeberha,Eastern Cape,Corporate,2025-01-18
649,Nomsa Pillay,customer649@example.co.za,0821119354,Polokwane,Limpopo,Retail,2024-11-30
650,Chantelle Pillay,customer650@example.co.za,0796299951,Cape Town,Western Cape,Wholesale,2024-01-12
651,Anele Daniels,customer651@example.co.za,0795255251,Johannesburg,Gauteng,Corporate,2025-01-02
652,Bongani Mthembu,customer652@example.co.za,0797668174,Polokwane,Limpopo,Small Business,2024-04-26
653,Amahle van Wyk,customer653@example.co.za,0849116148,Mbombela,Mpumalanga,Corporate,2023-09-21
654,Bongani Adams,customer654@example.co.za,0793316405,Kimberley,Northern Cape,Retail,2023-04-16
655,Mpho Jacobs,customer655@example.co.za,0839528589,East London,Eastern Cape,Wholesale,2023-11-25
656,Lerato van Wyk,customer656@example.co.za,0761088762,Mbombela,Mpumalanga,Retail,2022-10-25
657,Jason Naidoo,customer657@example.co.za,0825413951,East London,Eastern Cape,Small Business,2024-01-30
658,Lerato Adams,customer658@example.co.za,0769741022,Johannesburg,Gauteng,Corporate,2022-04-28
659,Amahle Nkosi,customer659@example.co.za,0824384085,Pretoria,Gauteng,Corporate,2023-02-03
660,Sibusiso van Wyk,customer660@example.co.za,0791605005,Cape Town,Western Cape,Corporate,2023-05-05
661,Mpho Naidoo,customer661@example.co.za,0847701385,Cape Town,Western Cape,Corporate,2024-03-20
662,Zanele Mokoena,customer662@example.co.za,0792151205,Polokwane,Limpopo,Retail,2025-01-30
663,Bongani Mabena,customer663@example.co.za,0715639031,Gqeberha,Eastern Cape,Small Business,2023-02-03
664,Chantelle Mokoena,customer664@example.co.za,0843936596,East London,Eastern Cape,Wholesale,2024-11-02
665,Sipho Smith,customer665@example.co.za,0842963085,Johannesburg,Gauteng,Corporate,2025-01-06
666,Nomsa Nkosi,customer666@example.co.za,0769113963,Kimberley,Northern Cape,Small Business,2023-11-27
667,Liam Mokoena,customer667@example.co.za,0762950658,East London,Eastern Cape,Corporate,2022-05-19
668,Sibusiso Botha,customer668@example.co.za,0716297082,Polokwane,Limpopo,Wholesale,2023-12-25
669,Thabo Mthembu,customer669@example.co.za,0835819919,Mbombela,Mpumalanga,Retail,2024-03-28
670,Sipho van Wyk,customer670@example.co.za,0766265911,Bloemfontein,Free State,Corporate,2023-03-24
671,Nomsa van Wyk,customer671@example.co.za,0794190481,Kimberley,Northern Cape,Wholesale,2023-02-13
672,Sibusiso Mthembu,customer672@example.co.za,0834845464,Durban,KwaZulu-Natal,Small Business,2023-05-27
673,Bongani Dlamini, customer673@example.co.za,0712789949,Kimberley,Northern Cape,Retail,2022-06-10
674,Thabo Ndlovu,customer674@example.co.za,0719091518,East London,Eastern Cape,Corporate,2023-10-08
675,Nomsa Mahlangu,customer675@example.co.za,0839575399,East London,Eastern Cape,Corporate,2024-03-25
676,Anele Ndlovu,customer676@example.co.za,0788099712,Durban,KwaZulu-Natal,Wholesale,2025-01-12
677,Bongani Adams,customer677@example.co.za,0713932663,Cape Town,Western Cape,Wholesale,2022-09-04
678,Liam Maseko,customer678@example.co.za,0791141240,Mbombela,Mpumalanga,Retail,2023-03-08
679,Naledi Maseko,customer679@example.co.za,0845357055,Polokwane,Limpopo,Small Business,2025-01-28
680,Sibusiso Mthembu,customer680@example.co.za,0766756203,Gqeberha,Eastern Cape,Corporate,2023-01-12
681,Jason Pillay,customer681@example.co.za,0767246319,East London,Eastern Cape,Corporate,2024-03-31
682,Liam van Wyk,customer682@example.co.za,0783200150,Gqeberha,Eastern Cape,Small Business,2022-07-24
683,Sibusiso Daniels,customer683@example.co.za,0717390162,Gqeberha,Eastern Cape,Small Business,2022-10-26
684,Amahle Mokoena,customer684@example.co.za,0838071943,Pretoria,Gauteng,Wholesale,2022-10-03
685,Ayanda Mahlangu,customer685@example.co.za,0845210645,Mbombela,Mpumalanga,Retail,2024-03-26
686,Mpho Ndlovu,customer686@example.co.za,0835266272,Johannesburg,Gauteng,Wholesale,2022-07-17
687,Ayanda Mthembu,customer687@example.co.za,0847044941,East London,Eastern Cape,Corporate,2023-12-06
688,Jason Jacobs,customer688@example.co.za,0844337963,Cape Town,Western Cape,Small Business,2023-08-06
689,Ayanda Mahlangu,customer689@example.co.za,0718498243,Bloemfontein,Free State,Retail,2024-02-20
690,Kagiso Nkosi,customer690@example.co.za,0793430151,Kimberley,Northern Cape,Small Business,2023-11-22
691,Chantelle Naidoo,customer691@example.co.za,0823717900,Polokwane,Limpopo,Corporate,2023-04-13
692,Ayanda Smith,customer692@example.co.za,0795487442,Bloemfontein,Free State,Wholesale,2023-07-10
693,Bongani Nkosi,customer693@example.co.za,0763807132,East London,Eastern Cape,Small Business,2022-02-17
694,Sibusiso Mthembu,customer694@example.co.za,0792343263,Pretoria,Gauteng,Small Business,2022-12-08
695,Naledi Jacobs,customer695@example.co.za,0828938740,Polokwane,Limpopo,Retail,2022-02-23
696,Sipho Jacobs,customer696@example.co.za,0843605071,Polokwane,Limpopo,Retail,2024-03-09
697,Sibusiso Botha,customer697@example.co.za,0795767670,Gqeberha,Eastern Cape,Wholesale,2022-09-16
698,Mpho Mokoena,customer698@example.co.za,0826986802,Pretoria,Gauteng,Corporate,2024-09-02
699,Nomsa Nkosi,customer699@example.co.za,0833970181,East London,Eastern Cape,Wholesale,2025-03-01
700,Kagiso Mabena,customer700@example.co.za,0764810582,Polokwane,Limpopo,Retail,2024-06-23
701,Bongani Daniels,customer701@example.co.za,0843612506,Gqeberha,Eastern Cape,Corporate,2022-01-22
702,Anele Mabena,customer702@example.co.za,0848871835,Cape Town,Western Cape,Retail,2024-10-04
703,Kagiso Mokoena,customer703@example.co.za,0718221506,East London,Eastern Cape,Corporate,2023-04-19
704,Bongani Pillay,customer704@example.co.za,0768333427,Cape Town,Western Cape,Wholesale,2023-05-27
705,Chantelle Adams,customer705@example.co.za,0835412076,Pretoria,Gauteng,Retail,2024-05-14
706,Nomsa Smith,customer706@example.co.za,0799924543,Durban,KwaZulu-Natal,Corporate,2024-04-25
707,Sipho van Wyk,customer707@example.co.za,0835858602,Durban,KwaZulu-Natal,Retail,2024-07-21
708,Liam Mthembu,customer708@example.co.za,0799254323,Kimberley,Northern Cape,Small Business,2023-10-19
709,Anele Ndlovu,customer709@example.co.za,0781371294,Cape Town,Western Cape,Small Business,2022-07-29
710,Nomsa Dlamini,customer710@example.co.za,0798355410,Gqeberha,Eastern Cape,Retail,2023-04-22
711,Anele Mokoena,customer711@example.co.za,0764643811,Johannesburg,Gauteng,Corporate,2024-05-10
712,Amahle Mabena,customer712@example.co.za,0761532460,Gqeberha,Eastern Cape,Corporate,2022-06-14
713,Lerato Mthembu,customer713@example.co.za,0717583744,Pretoria,Gauteng,Retail,2025-01-17
714,Mpho Pillay,customer714@example.co.za,0715195637,East London,Eastern Cape,Wholesale,2022-01-26
715,Sibusiso Adams,customer715@example.co.za,0718431651,Johannesburg,GAUTENG,Small Business,2022-03-10
716,Liam Jacobs,customer716@example.co.za,0784497162,Durban,KwaZulu-Natal,Wholesale,2024-03-07
717,Ayanda van Wyk,customer717@example.co.za,0791707762,Gqeberha,Eastern Cape,Retail,2023-06-03
718,Kagiso Pillay,customer718@example.co.za,0841873883,East London,Eastern Cape,Small Business,2022-08-20
719,Jason Maseko,customer719@example.co.za,0823807840,Durban,KwaZulu-Natal,Corporate,2025-04-12
720,Chantelle Botha,customer720@example.co.za,0821704531,Johannesburg,Gauteng,Wholesale,2022-11-14
721,Sipho Botha,customer721@example.co.za,0839387252,Bloemfontein,Free State,Retail,2023-11-25
722,Lerato Mabena,customer722@example.co.za,0793582322,Cape Town,Western Cape,Retail,2022-09-15
723,Sibusiso Maseko,customer723@example.co.za,0786827024,East London,Eastern Cape,Wholesale,2023-01-31
724,Chantelle Mabena,customer724@example.co.za,0793260430,Cape Town,Western Cape,Corporate,2022-03-22
725,Liam Smith,customer725@example.co.za,0789222379,East London,Eastern Cape,Small Business,2025-03-06
726,Bongani Maseko,customer726@example.co.za,0798858359,Pretoria,Gauteng,Corporate,2025-02-09
727,Sipho Dlamini,customer727@example.co.za,0765960564,Pretoria,Gauteng,Corporate,2025-01-14
728,Liam Mokoena, customer728@example.co.za,0719488562,Bloemfontein,Free State,Wholesale,2023-01-15
729,Bongani Botha,customer729@example.co.za,0842062698,Cape Town,Western Cape,Wholesale,2023-01-24
730,Amahle Dlamini,customer730@example.co.za,0785750117,Mbombela,Mpumalanga,Corporate,2024-04-19
731,Naledi Jacobs,customer731@example.co.za,0782118702,Bloemfontein,Free State,Retail,2022-09-23
732,Lerato Pillay,customer732@example.co.za,0829143162,Pretoria,Gauteng,Small Business,2022-07-22
733,Chantelle Mahlangu,customer733@example.co.za,0785293936,Cape Town,Western Cape,Retail,2024-01-21
734,Sipho Mokoena,customer734@example.co.za,0839244416,Durban,KwaZulu-Natal,Retail,2024-08-16
735,Bongani Daniels,customer735@example.co.za,0717191944,Cape Town,Western Cape,Retail,2023-06-29
736,Lerato Naidoo,customer736@example.co.za,0716098672,Mbombela,Mpumalanga,Retail,2023-03-19
737,Naledi Jacobs,customer737@example.co.za,0794875838,Mbombela,Mpumalanga,Wholesale,2023-01-24
738,Sibusiso van Wyk,customer738@example.co.za,0787965641,Durban,KwaZulu-Natal,Retail,2025-03-26
739,Liam Daniels,customer739@example.co.za,0823798595,Bloemfontein,Free State,Small Business,2025-01-31
740,Ayanda van Wyk,customer740@example.co.za,0788432510,Polokwane,Limpopo,Corporate,2023-10-08
741,Ayanda Mabena,customer741@example.co.za,0768224069,Mbombela,Mpumalanga,Corporate,2023-05-08
742,Zanele Adams,customer742@example.co.za,0715262908,Kimberley,Northern Cape,Corporate,2024-07-15
743,Chantelle Mokoena,customer743@example.co.za,0791581546,East London,Eastern Cape,Corporate,2022-02-03
744,Anele Smith,customer744@example.co.za,0826038767,Mbombela,Mpumalanga,Small Business,2023-03-16
745,Thabo Mthembu,customer745@example.co.za,0789577712,Bloemfontein,Free State,Small Business,2022-07-13
746,Liam Mabena,customer746@example.co.za,0833322104,Cape Town,Western Cape,Corporate,2024-01-22
747,Sibusiso Botha,customer747@example.co.za,0846038238,Kimberley,Northern Cape,Retail,2025-03-14
748,Zanele Naidoo,customer748@example.co.za,0796447428,Polokwane,Limpopo,Wholesale,2022-12-21
749,Naledi Smith,customer749@example.co.za,0827401281,East London,Eastern Cape,Retail,2022-04-25
750,Bongani Daniels,customer750@example.co.za,0763022334,Bloemfontein,Free State,Small Business,2022-01-24
751,Lerato Smith,customer751@example.co.za,0781690923,Polokwane,Limpopo,Corporate,2025-01-10
752,Anele Maseko,customer752@example.co.za,0784704361,Kimberley,Northern Cape,Small Business,2022-04-14
753,Liam Naidoo,customer753@example.co.za,0838246678,Polokwane,Limpopo,Corporate,2024-03-18
754,Anele Maseko,customer754@example.co.za,0828983516,Pretoria,Gauteng,Retail,2025-01-27
755,Nomsa Naidoo, customer755@example.co.za,0769419194,Polokwane,Limpopo,Wholesale,2022-09-25
756,Amahle Pillay,customer756@example.co.za,0767632348,Pretoria,Gauteng,Small Business,2025-02-23
757,Sibusiso Botha,customer757@example.co.za,0825467052,Kimberley,Northern Cape,Wholesale,2023-10-25
758,Sipho Jacobs,customer758@example.co.za,0797938755,Kimberley,Northern Cape,Wholesale,2024-01-19
759,Zanele Maseko,customer759@example.co.za,0841406123,Bloemfontein,Free State,Corporate,2022-12-13
760,Liam Dlamini,customer760@example.co.za,0761752920,Bloemfontein,Free State,Small Business,2023-02-13
761,Anele Naidoo,customer761@example.co.za,0821914996,Bloemfontein,Free State,Small Business,2022-10-30
762,Thabo Maseko,customer762@example.co.za,0792866934,Gqeberha,Eastern Cape,Corporate,2024-07-10
763,Thabo Maseko,customer763@example.co.za,0834554677,East London,Eastern Cape,Small Business,2025-01-24
764,Nomsa Mahlangu,customer764@example.co.za,0783371416,Mbombela,Mpumalanga,Retail,2024-02-11
765,Lerato Mthembu,customer765@example.co.za,0832008479,Kimberley,Northern Cape,Corporate,2023-02-16
766,Nomsa Ndlovu,customer766@example.co.za,0761139824,Kimberley,Northern Cape,Retail,2024-03-06
767,Bongani Jacobs,customer767@example.co.za,0825907261,Gqeberha,Eastern Cape,Wholesale,2023-04-19
768,Naledi Maseko,customer768@example.co.za,769918107,Polokwane,Limpopo,Retail,2023-01-17
769,Liam Mokoena,customer769@example.co.za,0825150551,Durban,KwaZulu-Natal,Corporate,2023-11-15
770,Chantelle van Wyk,customer770@example.co.za,0826818001,East London,Eastern Cape,Corporate,2023-12-29
771,Sibusiso Mthembu,customer771@example.co.za,0712040350,Gqeberha,Eastern Cape,Corporate,2024-03-03
772,Nomsa Botha,customer772@example.co.za,0836734220,Cape Town,Western Cape,Wholesale,2022-10-09
773,Chantelle Botha,customer773@example.co.za,0765032585,Johannesburg,Gauteng,Small Business,2024-05-23
774,Ayanda Nkosi,customer774@example.co.za,0783210769,Gqeberha,Eastern Cape,Small Business,2022-10-11
775,Zanele Dlamini,customer775@example.co.za,0849787997,Kimberley,Northern Cape,Small Business,2024-05-30
776,Mpho Maseko,customer776@example.co.za,0829941610,Pretoria,Gauteng,Retail,2023-01-13
777,Anele Mokoena,customer777@example.co.za,716346688,Bloemfontein,Free State,Wholesale,2024-04-22
778,Liam Mthembu,customer778@example.co.za,0834153002,Gqeberha,Eastern Cape,Retail,2022-09-27
779,Thabo Mthembu,customer779@example.co.za,0784874049,Pretoria,Gauteng,Small Business,2023-04-18
780,Bongani Naidoo,customer780@example.co.za,0798996058,Cape Town,Western Cape,Small Business,2024-10-25
781,Amahle Mabena,customer781@example.co.za,0837500504,Kimberley,Northern Cape,Wholesale,2024-08-28
782,Mpho Pillay,customer782@example.co.za,0831540722,Pretoria,Gauteng,Wholesale,2022-01-31
783,Jason Botha,customer783@example.co.za,0794402982,Gqeberha,Eastern Cape,Small Business,2022-05-16
784,Liam Mahlangu,customer784@example.co.za,0796450844,Pretoria,Gauteng,Wholesale,2023-05-21
785,Chantelle Ndlovu,customer785@example.co.za,0787381619,Polokwane,Limpopo,Corporate,2024-03-18
786,Lerato Jacobs,customer786@example.co.za,768665517,Kimberley,Northern Cape,Retail,2023-05-19
787,Chantelle Ndlovu,customer787@example.co.za,0787499457,Mbombela,Mpumalanga,Retail,2023-01-24
788,Liam Adams,customer788@example.co.za,0845796850,Gqeberha,Eastern Cape,Wholesale,2022-12-07
789,Kagiso Ndlovu,customer789@example.co.za,0799673311,Polokwane,Limpopo,Small Business,2024-08-07
790,Sipho Jacobs,customer790@example.co.za,0833270069,East London,Eastern Cape,Wholesale,2024-04-26
791,Liam Mokoena,customer791@example.co.za,0838611499,Bloemfontein,Free State,Small Business,2024-07-20
792,Nomsa Maseko,customer792@example.co.za,793751363,Johannesburg,Gauteng,Retail,2022-07-06
793,Liam Mabena,customer793@example.co.za,0829788196,Johannesburg,Gauteng,Wholesale,2024-11-13
794,Mpho Adams,customer794@example.co.za,0787385526,Kimberley,Northern Cape,Retail,2022-12-16
795,Anele van Wyk,customer795@example.co.za,0713426109,Bloemfontein,Free State,Small Business,2022-04-16
796,Kagiso Smith,customer796@example.co.za,0798486970,Polokwane,Limpopo,Corporate,2023-01-06
797,Anele Pillay,customer797@example.co.za,0825246497,Johannesburg,Gauteng,Retail,2024-07-28
798,Amahle Mokoena,customer798@example.co.za,0789278999,East London,Eastern Cape,Small Business,2023-03-21
799,Amahle Nkosi,customer799@example.co.za,0768413438,Kimberley,Northern Cape,Retail,2022-01-14
800,Nomsa Pillay,customer800@example.co.za,0824101100,Durban,KwaZulu-Natal,Small Business,2022-04-23
801,Lerato Dlamini,customer801@example.co.za,0711544120,Bloemfontein,Free State,Corporate,2023-11-10
802,Lerato Jacobs,customer802@example.co.za,0763990511,Johannesburg,Gauteng,Small Business,2023-08-06
803,Mpho Nkosi,customer803@example.co.za,0797042962,Kimberley,Northern Cape,Retail,2022-07-10
804,Ayanda Mabena,customer804@example.co.za,0762135258,Gqeberha,Eastern Cape,Wholesale,2025-02-01
805,Kagiso Mahlangu, customer805@example.co.za,0833047210,Johannesburg,Gauteng,Corporate,2023-11-06
806,Jason Pillay,customer806@example.co.za,0794507293,Mbombela,Mpumalanga,Retail,2022-08-12
807,Sipho Mahlangu,customer807@example.co.za,0795818203,Kimberley,Northern Cape,Wholesale,2023-10-11
808,Bongani Dlamini,customer808@example.co.za,0789328158,Gqeberha,Eastern Cape,Wholesale,2024-10-05
809,Sibusiso Smith,customer809@example.co.za,0831026523,Pretoria,Gauteng,Retail,2022-02-19
810,Naledi Pillay,customer810@example.co.za,0717956372,East London,Eastern Cape,Wholesale,2022-04-04
811,Bongani Pillay,customer811@example.co.za,0824375360,Bloemfontein,Free State,Corporate,2023-06-06
812,Kagiso Smith,customer812@example.co.za,0786434540,Johannesburg,Gauteng,Retail,2022-08-22
813,Ayanda Adams, customer813@example.co.za,0791488508,Bloemfontein,Free State,Small Business,2023-02-02
814,Ayanda Mahlangu,customer814@example.co.za,0761596568,Bloemfontein,Free State,Small Business,2024-09-13
815,Liam Maseko,customer815@example.co.za,0767944979,Pretoria,Gauteng,Retail,2024-12-03
816,Ayanda Mokoena,customer816@example.co.za,0836565326,Gqeberha,Eastern Cape,Corporate,2022-05-16
817,Nomsa Mokoena,customer817@example.co.za,0847295495,Pretoria,Gauteng,Small Business,2025-03-15
818,Chantelle van Wyk,customer818@example.co.za,0782960327,Kimberley,Northern Cape,Corporate,2023-10-07
819,Nomsa Daniels,customer819@example.co.za,0829339189,Cape Town,Western Cape,Small Business,2024-02-01
820,Kagiso Pillay,customer820@example.co.za,0786072059,East London,Eastern Cape,Small Business,2022-08-18
821,Lerato Pillay,customer821@example.co.za,0828445293,Bloemfontein,Free State,Retail,2024-09-15
822,Anele Pillay,customer822@example.co.za,0849111313,Mbombela,Mpumalanga,Corporate,2023-11-02
823,Naledi Dlamini,customer823@example.co.za,0831613249,Pretoria,Gauteng,Wholesale,2024-03-04
824,Naledi Mokoena,customer824@example.co.za,0841738700,Mbombela,Mpumalanga,Retail,2023-11-14
825,Lerato Jacobs,customer825@example.co.za,0786242557,East London,Eastern Cape,Retail,2025-03-28
826,Zanele Maseko,customer826@example.co.za,0834230379,Gqeberha,Eastern Cape,Corporate,2023-07-21
827,Ayanda Nkosi,customer827@example.co.za,0792973853,Mbombela,Mpumalanga,Corporate,2022-11-02
828,Nomsa Jacobs,customer828@example.co.za,0829624506,Pretoria,Gauteng,Retail,2023-02-28
829,Bongani Maseko,customer829@example.co.za,0843374929,Mbombela,Mpumalanga,Corporate,2025-03-21
830,Mpho Naidoo,customer830@example.co.za,0846683095,Durban,KwaZulu-Natal,Wholesale,2022-04-14
831,Thabo Mahlangu, customer831@example.co.za,0791846511,Pretoria,Gauteng,Retail,2024-02-25
832,Sipho Daniels,customer832@example.co.za,0764002836,Cape Town,Western Cape,Wholesale,2023-12-30
833,Ayanda Pillay,customer833@example.co.za,0799950391,Gqeberha,Eastern Cape,Retail,2024-08-11
834,Anele Naidoo,customer834@example.co.za,0718856366,Kimberley,Northern Cape,Retail,2024-07-22
835,Liam Mahlangu,customer835@example.co.za,0834754647,Gqeberha,Eastern Cape,Small Business,2023-06-13
836,Chantelle van Wyk,customer836@example.co.za,0796541983,Bloemfontein,Free State,Corporate,2024-07-17
837,Thabo Naidoo,customer837@example.co.za,0762893930,East London,Eastern Cape,Corporate,2024-09-07
838,Mpho Smith,customer838@example.co.za,0716848796,East London,Eastern Cape,Small Business,2024-11-06
839,Chantelle Jacobs,customer839@example.co.za,0842189907,Johannesburg,Gauteng,Corporate,2024-12-27
840,Chantelle Daniels,customer840@example.co.za,0835088457,East London,Eastern Cape,Small Business,2024-09-14
841,Sipho Maseko,customer841@example.co.za,0838233471,Polokwane,Limpopo,Wholesale,2025-03-07
842,Sibusiso van Wyk,customer842@example.co.za,0792306851,Bloemfontein,Free State,Wholesale,2022-08-23
843,Liam Maseko,customer843@example.co.za,0782638360,Kimberley,Northern Cape,Wholesale,2022-12-27
844,Chantelle Naidoo,customer844@example.co.za,0782824432,Gqeberha,Eastern Cape,Wholesale,2023-11-02
845,Lerato Naidoo,customer845@example.co.za,0833330636,East London,Eastern Cape,Retail,2022-10-28
846,Liam Smith,customer846@example.co.za,0768502096,Pretoria,Gauteng,Small Business,2023-02-26
847,Kagiso Smith,customer847@example.co.za,0766775801,Bloemfontein,Free State,Retail,2025-04-08
848,Chantelle Dlamini,customer848@example.co.za,0715935599,Cape Town,Western Cape,Retail,2024-01-27
849,Lerato Mokoena,customer849@example.co.za,0797027124,Mbombela,Mpumalanga,Retail,2023-08-01
850,Sibusiso Daniels,customer850@example.co.za,0797614724,Cape Town,Western Cape,Corporate,2024-02-23
851,Chantelle Daniels,customer851@example.co.za,0784543617,Polokwane,Limpopo,Small Business,2024-08-30
852,Zanele Adams,customer852@example.co.za,0717044627,Pretoria,GAUTENG,Wholesale,2022-11-12
853,Anele Dlamini,customer853@example.co.za,0822203698,Gqeberha,Eastern Cape,Retail,2022-10-22
854,Jason Dlamini,customer854@example.co.za,0823302174,East London,Eastern Cape,Wholesale,2024-07-22
855,Jason van Wyk,customer855@example.co.za,0769546564,Kimberley,Northern Cape,Wholesale,2025-02-04
856,Chantelle Mabena,customer856@example.co.za,0834117056,East London,Eastern Cape,Wholesale,2022-01-16
857,Amahle Botha,customer857@example.co.za,0799417612,Kimberley,Northern Cape,Corporate,2024-04-21
858,Bongani Ndlovu,customer858@example.co.za,0829107893,Mbombela,Mpumalanga,Corporate,2022-08-20
859,Amahle Naidoo,customer859@example.co.za,0839831661,Kimberley,Northern Cape,Corporate,2024-08-10
860,Sipho Naidoo,customer860@example.co.za,0838926422,Mbombela,Mpumalanga,Retail,2025-01-09
861,Kagiso Ndlovu,customer861@example.co.za,0849976368,Kimberley,Northern Cape,Retail,2024-08-18
862,Amahle Maseko,customer862@example.co.za,0766920923,East London,Eastern Cape,Corporate,2023-08-16
863,Lerato Smith,customer863@example.co.za,0795369510,Pretoria,Gauteng,Retail,2024-08-27
864,Mpho Ndlovu,customer864@example.co.za,0795894806,Kimberley,Northern Cape,Retail,2023-08-11
865,Sipho Dlamini,customer865@example.co.za,0782289534,East London,Eastern Cape,Corporate,2023-06-01
866,Nomsa Mthembu,customer866@example.co.za,0715311001,Pretoria,Gauteng,Retail,2022-08-17
867,Mpho Dlamini, customer867@example.co.za,0798493596,Kimberley,Northern Cape,Corporate,2022-12-26
868,Sibusiso Mahlangu,customer868@example.co.za,0839848116,Gqeberha,Eastern Cape,Retail,2023-12-04
869,Anele Dlamini,customer869@example.co.za,0719320631,Johannesburg,Gauteng,Wholesale,2024-02-24
870,Liam van Wyk,customer870@example.co.za,0836789409,Durban,KwaZulu-Natal,Retail,2023-06-26
871,Lerato van Wyk,customer871@example.co.za,0767689827,Johannesburg,Gauteng,Wholesale,2023-09-10
872,Sibusiso Adams,customer872@example.co.za,0797544296,East London,Eastern Cape,Wholesale,2023-06-22
873,Jason Mokoena,customer873@example.co.za,0848529960,Pretoria,Gauteng,Wholesale,2023-10-09
874,Lerato Jacobs,customer874@example.co.za,0786936250,Mbombela,Mpumalanga,Wholesale,2023-07-13
875,Nomsa Mthembu,customer875@example.co.za,0712648810,Bloemfontein,Free State,Corporate,2025-04-11
876,Liam Botha,customer876@example.co.za,0794270310,Polokwane,Limpopo,Corporate,2023-01-04
877,Thabo Mokoena,customer877@example.co.za,0712140044,Bloemfontein,Free State,Retail,2024-04-22
878,Naledi Nkosi,customer878@example.co.za,0844681195,Johannesburg,Gauteng,Corporate,2023-05-31
879,Lerato Mokoena,customer879@example.co.za,782542518,Durban,KwaZulu-Natal,Retail,2023-03-21
880,Naledi Jacobs,customer880@example.co.za,0823179482,Kimberley,Northern Cape,Wholesale,2025-03-05
881,Naledi van Wyk,customer881@example.co.za,0845942041,Pretoria,Gauteng,Wholesale,2022-06-05
882,Nomsa Daniels,customer882@example.co.za,0796425820,East London,Eastern Cape,Corporate,2022-11-28
883,Nomsa Ndlovu,customer883@example.co.za,0767519465,Johannesburg,Gauteng,Corporate,2022-05-04
884,Nomsa van Wyk,customer884@example.co.za,0762164313,Gqeberha,Eastern Cape,Wholesale,2023-02-15
885,Chantelle van Wyk, customer885@example.co.za,0799255351,Kimberley,Northern Cape,Retail,2022-10-22
886,Jason Pillay,customer886@example.co.za,0782782574,Mbombela,Mpumalanga,Wholesale,2023-06-15
887,Lerato Naidoo,customer887@example.co.za,0825204309,Johannesburg,Gauteng,Wholesale,2022-02-08
888,Anele Mokoena,customer888@example.co.za,0827551231,East London,Eastern Cape,Corporate,2022-11-07
889,Chantelle Mokoena,customer889@example.co.za,0789232235,Bloemfontein,Free State,Wholesale,2024-06-12
890,Sipho Botha,customer890@example.co.za,0827449562,Polokwane,Limpopo,Wholesale,2022-09-06
891,Bongani Maseko,customer891@example.co.za,0796080612,Kimberley,Northern Cape,Wholesale,2022-04-24
892,Bongani Maseko,customer892@example.co.za,0828711468,Johannesburg,Gauteng,Corporate,2023-02-20
893,Lerato Adams,customer893@example.co.za,0794204501,Pretoria,Gauteng,Corporate,2024-03-09
894,Bongani Mahlangu,customer894@example.co.za,0828348147,Johannesburg,Gauteng,Small Business,2022-10-14
895,Zanele Mokoena,customer895@example.co.za,0795001116,Cape Town,Western Cape,Wholesale,2024-03-07
896,Kagiso Mahlangu,customer896@example.co.za,0788538125,Johannesburg,Gauteng,Retail,2022-03-17
897,Lerato Maseko,customer897@example.co.za,0711718308,Bloemfontein,Free State,Wholesale,2022-08-31
898,Liam Dlamini,customer898@example.co.za,0794908850,Durban,KwaZulu-Natal,Retail,2022-03-17
899,Amahle Mokoena,customer899@example.co.za,0761768424,Pretoria,Gauteng,Small Business,2022-09-25
900,Mpho Ndlovu,customer900@example.co.za,0842632292,Cape Town,Western Cape,Wholesale,2022-12-16
901,Sipho Jacobs,customer901@example.co.za,0829340683,Kimberley,Northern Cape,Small Business,2022-05-10
902,Jason Maseko, customer902@example.co.za,0717744585,Durban,KwaZulu-Natal,Corporate,2022-09-05
903,Anele Maseko,customer903@example.co.za,0714577436,Kimberley,Northern Cape,Retail,2022-12-22
904,Sipho Jacobs,customer904@example.co.za,0843369560,Bloemfontein,Free State,Wholesale,2022-12-11
905,Mpho Nkosi,customer905@example.co.za,0831682814,Bloemfontein,Free State,Small Business,2022-07-24
906,Chantelle van Wyk,customer906@example.co.za,0829169958,Kimberley,Northern Cape,Retail,2022-01-14
907,Mpho Naidoo,customer907@example.co.za,0795760225,Cape Town,Western Cape,Wholesale,2024-09-01
908,Zanele Dlamini,customer908@example.co.za,0795545782,Pretoria,Gauteng,Wholesale,2024-04-23
909,Mpho Ndlovu,customer909@example.co.za,0784019906,Durban,KwaZulu-Natal,Wholesale,2022-06-30
910,Bongani Daniels, customer910@example.co.za,0824953366,Gqeberha,Eastern Cape,Small Business,2022-08-29
911,Naledi Mabena,customer911@example.co.za,0719515120,Mbombela,Mpumalanga,Small Business,2024-08-08
912,Nomsa Ndlovu,customer912@example.co.za,0832890441,Durban,KwaZulu-Natal,Small Business,2024-08-29
913,Mpho van Wyk,customer913@example.co.za,0791723359,East London,Eastern Cape,Retail,2024-01-16
914,Zanele Daniels,customer914@example.co.za,0846608533,Gqeberha,Eastern Cape,Wholesale,2022-03-30
915,Lerato van Wyk,customer915@example.co.za,0831487633,Johannesburg,Gauteng,Wholesale,2024-11-20
916,Sipho Botha,customer916@example.co.za,0798462856,Johannesburg,Gauteng,Corporate,2024-05-08
917,Ayanda Botha,customer917@example.co.za,0712847722,Durban,KwaZulu-Natal,Corporate,2023-04-12
918,Sibusiso Daniels,customer918@example.co.za,0714354702,Johannesburg,Gauteng,Wholesale,2023-03-28
919,Amahle Mahlangu,customer919@example.co.za,0828312602,Johannesburg,Gauteng,Small Business,2023-03-19
920,Liam van Wyk,customer920@example.co.za,0767266039,Kimberley,Northern Cape,Small Business,2024-07-26
921,Bongani Mthembu,customer921@example.co.za,0836635321,Durban,KwaZulu-Natal,Small Business,2022-03-07
922,Lerato Mthembu,customer922@example.co.za,0832864104,Kimberley,Northern Cape,Wholesale,2024-07-28
923,Mpho Maseko,customer923@example.co.za,0835951988,Polokwane,Limpopo,Small Business,2022-12-15
924,Sibusiso Naidoo,customer924@example.co.za,0769753827,Kimberley,Northern Cape,Wholesale,2023-03-20
925,Amahle Nkosi,customer925@example.co.za,0841243334,Kimberley,Northern Cape,Wholesale,2023-05-21
926,Ayanda Daniels,customer926@example.co.za,0784731363,Durban,KwaZulu-Natal,Small Business,2025-03-20
927,Jason Ndlovu,customer927@example.co.za,0828896240,Cape Town,Western Cape,Retail,2024-05-21
928,Chantelle Mahlangu,customer928@example.co.za,0712644153,Mbombela,Mpumalanga,Wholesale,2024-10-11
929,Sipho Mokoena,customer929@example.co.za,0797821919,Durban,KwaZulu-Natal,Small Business,2022-09-29
930,Kagiso Botha,customer930@example.co.za,0792522188,Bloemfontein,Free State,Retail,2024-09-09
931,Mpho Nkosi,customer931@example.co.za,0711409590,Gqeberha,Eastern Cape,Wholesale,2024-08-07
932,Chantelle van Wyk,customer932@example.co.za,0717214624,Pretoria,GAUTENG,Wholesale,2022-01-03
933,Chantelle Maseko,customer933@example.co.za,0781548852,Johannesburg,Gauteng,Corporate,2024-05-22
934,Zanele Naidoo,customer934@example.co.za,0786632022,Gqeberha,Eastern Cape,Retail,2024-11-20
935,Lerato Jacobs,customer935@example.co.za,0767133596,Bloemfontein,Free State,Wholesale,2022-03-25
936,Bongani van Wyk,customer936@example.co.za,0792124172,Bloemfontein,Free State,Small Business,2022-10-11
937,Sibusiso Jacobs,customer937@example.co.za,0799027788,Bloemfontein,Free State,Small Business,2023-04-07
938,Bongani Mthembu,customer938@example.co.za,0788095573,Bloemfontein,Free State,Corporate,2022-04-22
939,Bongani Mabena,customer939@example.co.za,0769157533,Johannesburg,Gauteng,Retail,2024-08-20
940,Kagiso Nkosi,customer940@example.co.za,0787176462,Mbombela,Mpumalanga,Retail,2023-01-21
941,Sipho Naidoo,customer941@example.co.za,0763999964,East London,Eastern Cape,Corporate,2022-06-07
942,Mpho Mthembu,customer942@example.co.za,0823482256,Johannesburg,Gauteng,Wholesale,2022-11-05
943,Thabo Smith,customer943@example.co.za,0763215051,Durban,KwaZulu-Natal,Wholesale,2023-12-12
944,Liam Mokoena,customer944@example.co.za,0844171911,Polokwane,Limpopo,Retail,2022-02-15
945,Ayanda Daniels,customer945@example.co.za,0786751103,Durban,KwaZulu-Natal,Corporate,2024-09-22
946,Liam Nkosi,customer946@example.co.za,0843213824,Kimberley,Northern Cape,Corporate,2022-12-18
947,Sibusiso Mahlangu,customer947@example.co.za,0845834292,Gqeberha,Eastern Cape,Retail,2022-10-31
948,Kagiso Nkosi,customer948@example.co.za,0833697606,Bloemfontein,Free State,Corporate,2023-01-09
949,Anele van Wyk,customer949@example.co.za,0832961547,Pretoria,Gauteng,Retail,2023-10-11
950,Anele Nkosi,customer950@example.co.za,0847202069,Kimberley,Northern Cape,Small Business,2023-02-25
951,Lerato Maseko,customer951@example.co.za,0843482092,Mbombela,Mpumalanga,Corporate,2024-07-07
952,Mpho Smith,customer952@example.co.za,0821418175,Mbombela,Mpumalanga,Wholesale,2024-10-19
953,Liam Maseko,customer953@example.co.za,831072046,Pretoria,Gauteng,Corporate,2023-08-29
954,Kagiso Dlamini,customer954@example.co.za,0718417300,East London,Eastern Cape,Corporate,2022-08-19
955,Lerato Dlamini,customer955@example.co.za,0792960855,East London,Eastern Cape,Corporate,2022-02-20
956,Sibusiso Nkosi,customer956@example.co.za,0842551575,Polokwane,Limpopo,Corporate,2022-04-23
957,Zanele Botha,customer957@example.co.za,0715662844,Kimberley,Northern Cape,Small Business,2022-02-16
958,Liam Naidoo,customer958@example.co.za,0787617330,Johannesburg,Gauteng,Small Business,2024-10-01
959,Lerato Mabena,customer959@example.co.za,0763482120,Bloemfontein,Free State,Wholesale,2024-01-28
960,Bongani Mokoena,customer960@example.co.za,0846786800,Polokwane,Limpopo,Corporate,2023-09-23
961,Sipho Pillay,customer961@example.co.za,0798452780,East London,Eastern Cape,Wholesale,2024-06-25
962,Mpho Daniels,customer962@example.co.za,0797949018,Gqeberha,Eastern Cape,Small Business,2022-06-26
963,Zanele Smith,customer963@example.co.za,0769813089,Pretoria,Gauteng,Corporate,2022-05-16
964,Chantelle Naidoo,customer964@example.co.za,0827869609,Kimberley,Northern Cape,Corporate,2024-04-28
965,Liam Dlamini,customer965@example.co.za,0834120669,Pretoria,Gauteng,Wholesale,2023-08-16
966,Amahle Ndlovu,customer966@example.co.za,0716066600,Mbombela,Mpumalanga,Corporate,2024-10-08
967,Liam Botha,customer967@example.co.za,0821041048,Mbombela,Mpumalanga,Small Business,2023-06-22
968,Amahle Jacobs,customer968@example.co.za,0795826621,Gqeberha,Eastern Cape,Wholesale,2023-01-03
969,Sibusiso Mokoena,customer969@example.co.za,0825650930,East London,Eastern Cape,Wholesale,2022-05-17
970,Bongani Mahlangu,customer970@example.co.za,0788316015,Kimberley,Northern Cape,Corporate,2024-09-01
971,Bongani Mokoena,customer971@example.co.za,0715354311,Johannesburg,Gauteng,Small Business,2025-04-06
972,Anele Maseko,customer972@example.co.za,0763273269,Cape Town,western cape,Corporate,2022-12-01
973,Nomsa Mabena,customer973@example.co.za,0766972425,Cape Town,Western Cape,Retail,2023-08-17
974,Sipho Pillay,customer974@example.co.za,0714074382,Gqeberha,Eastern Cape,Retail,2022-12-09
975,Ayanda Maseko,customer975@example.co.za,0716051155,Mbombela,Mpumalanga,Corporate,2024-01-13
976,Bongani Dlamini,customer976@example.co.za,0823297630,Johannesburg,Gauteng,Corporate,2024-02-03
977,Jason Maseko,customer977@example.co.za,0832718286,East London,Eastern Cape,Small Business,2022-11-13
978,Sibusiso Pillay,customer978@example.co.za,0719818990,Mbombela,Mpumalanga,Retail,2024-05-04
979,Sipho Jacobs,customer979@example.co.za,0713201710,East London,Eastern Cape,Retail,2024-09-09
980,Kagiso Mabena, customer980@example.co.za,0838414487,Bloemfontein,Free State,Corporate,2022-12-19
981,Thabo Jacobs,customer981@example.co.za,0833159470,Gqeberha,Eastern Cape,Small Business,2023-04-10
982,Anele Pillay,customer982@example.co.za,0832318772,Gqeberha,Eastern Cape,Wholesale,2022-08-17
983,Thabo Mahlangu,customer983@example.co.za,0718235132,Johannesburg,Gauteng,Retail,2023-02-07
984,Lerato Ndlovu,customer984@example.co.za,0762995183,Johannesburg,Gauteng,Corporate,2022-03-30
985,Kagiso Mokoena,customer985@example.co.za,0712619061,Johannesburg,Gauteng,Retail,2023-02-25
986,Zanele van Wyk,customer986@example.co.za,0796897756,Kimberley,Northern Cape,Retail,2022-07-05
987,Nomsa Mabena,customer987@example.co.za,0843693705,Pretoria,Gauteng,Small Business,2024-10-31
988,Sipho Jacobs,customer988@example.co.za,0711234617,Kimberley,Northern Cape,Small Business,2023-01-28
989,Mpho Mokoena,customer989@example.co.za,0792655671,Gqeberha,Eastern Cape,Small Business,2024-10-29
990,Bongani van Wyk,customer990@example.co.za,762800606,East London,Eastern Cape,Small Business,2023-12-28
991,Jason Pillay,customer991@example.co.za,0784817726,Polokwane,Limpopo,Wholesale,2022-08-20
992,Naledi Nkosi,customer992@example.co.za,0829719581,Bloemfontein,Free State,Small Business,2024-10-12
993,Kagiso Ndlovu,customer993@example.co.za,0826504863,Bloemfontein,Free State,Wholesale,2022-08-25
994,Kagiso Nkosi,customer994@example.co.za,0786234607,Polokwane,Limpopo,Wholesale,2023-04-08
995,Jason Smith,customer995@example.co.za,0718180005,Mbombela,Mpumalanga,Small Business,2022-05-23
996,Bongani van Wyk,customer996@example.co.za,0829248490,East London,Eastern Cape,Retail,2024-03-22
997,Sipho Jacobs,customer997@example.co.za,0837623837,East London,Eastern Cape,Wholesale,2022-07-28
998,Sipho Mabena,customer998@example.co.za,0836681296,Pretoria,Gauteng,Small Business,2024-04-07
999,Sibusiso Daniels,customer999@example.co.za,0799373678,Johannesburg,Gauteng,Corporate,2025-04-06
1000,Nomsa Adams,customer1000@example.co.za,0848983040,Kimberley,Northern Cape,Wholesale,2024-09-19
1001,Nomsa Dlamini,customer1001@example.co.za,0718627505,Mbombela,Mpumalanga,Retail,2022-09-08
1002,Amahle Mahlangu,customer1002@example.co.za,0833258353,Gqeberha,Eastern Cape,Retail,2022-07-23
1003,Sipho Mahlangu,customer1003@example.co.za,0791448771,Cape Town,Western Cape,Small Business,2024-02-23
1004,Ayanda Dlamini,customer1004@example.co.za,0842616210,Kimberley,Northern Cape,Retail,2024-11-30
1005,Liam Pillay,customer1005@example.co.za,0849353359,East London,Eastern Cape,Wholesale,2024-10-30
1006,Ayanda Mokoena, customer1006@example.co.za,0711530135,Gqeberha,Eastern Cape,Wholesale,2022-09-01
1007,Liam Maseko,customer1007@example.co.za,0717313879,Polokwane,Limpopo,Wholesale,2024-07-30
1008,Lerato van Wyk,customer1008@example.co.za,0786084244,Cape Town,Western Cape,Small Business,2024-10-03
1009,Anele Smith,customer1009@example.co.za,0797527687,Polokwane,Limpopo,Wholesale,2022-08-13
1010,Amahle Mahlangu,customer1010@example.co.za,0763622462,Kimberley,Northern Cape,Retail,2024-03-12
1011,Amahle Adams,customer1011@example.co.za,0786918393,Gqeberha,Eastern Cape,Corporate,2023-10-19
1012,Thabo Ndlovu,customer1012@example.co.za,0837147341,Cape Town,Western Cape,Corporate,2025-04-10
1013,Ayanda Adams,customer1013@example.co.za,0828183134,Cape Town,Western Cape,Corporate,2024-01-02
1014,Bongani Ndlovu,customer1014@example.co.za,0795097480,Polokwane,Limpopo,Small Business,2023-04-26
1015,Sipho Naidoo,customer1015@example.co.za,0716115582,Gqeberha,Eastern Cape,Retail,2023-11-23
1016,Thabo Maseko,customer1016@example.co.za,0828732776,Pretoria,Gauteng,Wholesale,2025-03-09
1017,Jason Mthembu,customer1017@example.co.za,0828880256,Mbombela,Mpumalanga,Retail,2023-10-11
1018,Chantelle Maseko,customer1018@example.co.za,0782639564,Polokwane,Limpopo,Wholesale,2022-07-24
1019,Ayanda Mahlangu,customer1019@example.co.za,0786696526,Durban,KwaZulu-Natal,Small Business,2023-09-06
1020,Jason Pillay,customer1020@example.co.za,0762263679,Bloemfontein,Free State,Small Business,2023-08-12
1021,Lerato Smith,customer1021@example.co.za,0787744899,Gqeberha,Eastern Cape,Small Business,2022-07-08
1022,Naledi Maseko,customer1022@example.co.za,0842128599,Kimberley,Northern Cape,Wholesale,2024-05-24
1023,Bongani Naidoo,customer1023@example.co.za,0796064152,Durban,KwaZulu-Natal,Corporate,2024-06-05
1024,Ayanda Pillay,customer1024@example.co.za,0767749490,Mbombela,Mpumalanga,Corporate,2024-11-21
1025,Mpho Mokoena,customer1025@example.co.za,0799660803,East London,Eastern Cape,Small Business,2025-03-27
1026,Zanele Nkosi,customer1026@example.co.za,0849937547,East London,Eastern Cape,Wholesale,2025-03-05
1027,Zanele Mabena,customer1027@example.co.za,0763478727,Cape Town,Western Cape,Small Business,2022-11-05
1028,Jason Daniels,customer1028@example.co.za,0842080914,Gqeberha,Eastern Cape,Small Business,2024-04-24
1029,Kagiso van Wyk,customer1029@example.co.za,0844961601,Gqeberha,Eastern Cape,Wholesale,2023-05-04
1030,Anele Pillay,customer1030@example.co.za,0825120259,Johannesburg,Gauteng,Corporate,2024-08-08
1031,Jason Daniels,customer1031@example.co.za,0791620819,East London,Eastern Cape,Small Business,2022-11-23
1032,Anele Mokoena,customer1032@example.co.za,0845660240,Gqeberha,Eastern Cape,Small Business,2022-03-28
1033,Thabo Ndlovu,customer1033@example.co.za,0712408104,East London,Eastern Cape,Corporate,2023-09-03
1034,Jason Mabena,customer1034@example.co.za,0792515088,Johannesburg,Gauteng,Wholesale,2022-10-15
1035,Naledi Jacobs,customer1035@example.co.za,0789812402,Durban,KwaZulu-Natal,Corporate,2024-10-13
1036,Sibusiso Jacobs,customer1036@example.co.za,0716258152,Johannesburg,Gauteng,Corporate,2025-04-11
1037,Sibusiso Daniels,customer1037@example.co.za,0833420581,Polokwane,Limpopo,Retail,2022-12-25
1038,Nomsa Nkosi,customer1038@example.co.za,0765266545,Durban,KwaZulu-Natal,Retail,2024-10-01
1039,Bongani Jacobs,customer1039@example.co.za,0848109870,Mbombela,Mpumalanga,Wholesale,2023-05-20
1040,Anele Mabena,customer1040@example.co.za,0767169641,Gqeberha,Eastern Cape,Corporate,2022-02-13
1041,Lerato Ndlovu,customer1041@example.co.za,0795021093,Kimberley,Northern Cape,Corporate,2025-02-05
1042,Kagiso Mabena,customer1042@example.co.za,0713047722,Polokwane,Limpopo,Small Business,2024-06-25
1043,Thabo Adams,customer1043@example.co.za,0846048065,Polokwane,Limpopo,Retail,2023-04-28
1044,Zanele van Wyk,customer1044@example.co.za,0766321470,Gqeberha,Eastern Cape,Wholesale,2022-03-11
1045,Sipho Mahlangu,customer1045@example.co.za,0767928341,Gqeberha,Eastern Cape,Corporate,2024-05-15
1046,Mpho Mthembu,customer1046@example.co.za,0782113457,Johannesburg,Gauteng,Corporate,2024-05-11
1047,Ayanda Nkosi,customer1047@example.co.za,0791458871,Kimberley,Northern Cape,Retail,2023-01-12
1048,Anele Mokoena,customer1048@example.co.za,0764356706,East London,Eastern Cape,Corporate,2023-10-05
1049,Sipho Jacobs,customer1049@example.co.za,0835187652,Kimberley,Northern Cape,Small Business,2024-04-20
1050,Liam Mahlangu,customer1050@example.co.za,0713239922,Bloemfontein,Free State,Corporate,2022-12-22
1051,Ayanda Smith,customer1051@example.co.za,0832415979,Kimberley,Northern Cape,Wholesale,2024-01-23
1052,Chantelle Adams,customer1052@example.co.za,0714766269,Pretoria,Gauteng,Retail,2022-02-17
1053,Sibusiso Naidoo,customer1053@example.co.za,0764326354,Mbombela,Mpumalanga,Corporate,2022-12-12
1054,Chantelle Daniels,customer1054@example.co.za,0785364723,Cape Town,Western Cape,Small Business,2022-07-02
1055,Mpho Jacobs,customer1055@example.co.za,0829822092,Bloemfontein,Free State,Wholesale,2024-07-18
1056,Naledi Botha,customer1056@example.co.za,0794408213,East London,Eastern Cape,Small Business,2023-06-30
1057,Amahle Adams,customer1057@example.co.za,0838236157,Gqeberha,Eastern Cape,Small Business,2023-03-18
1058,Zanele Daniels,customer1058@example.co.za,0837853897,Gqeberha,Eastern Cape,Small Business,2022-02-28
1059,Nomsa Botha,customer1059@example.co.za,0788566133,Gqeberha,Eastern Cape,Small Business,2024-01-28
1060,Liam Naidoo,customer1060@example.co.za,0828866528,Kimberley,Northern Cape,Small Business,2023-10-25
1061,Zanele Adams,customer1061@example.co.za,0798101643,Polokwane,Limpopo,Corporate,2022-05-30
1062,Lerato Ndlovu,customer1062@example.co.za,0844939985,Johannesburg,Gauteng,Wholesale,2023-12-27
1063,Lerato Mokoena,customer1063@example.co.za,0849464810,Kimberley,Northern Cape,Wholesale,2023-09-12
1064,Bongani Dlamini,customer1064@example.co.za,0781689962,Polokwane,Limpopo,Small Business,2023-06-18
1065,Amahle Maseko,customer1065@example.co.za,0763213242,Pretoria,Gauteng,Retail,2023-10-12
1066,Jason Dlamini,customer1066@example.co.za,0842960284,Mbombela,Mpumalanga,Corporate,2022-04-01
1067,Amahle Mthembu,customer1067@example.co.za,0797049733,Pretoria,Gauteng,Wholesale,2023-08-03
1068,Nomsa Maseko,customer1068@example.co.za,0763767969,Gqeberha,Eastern Cape,Corporate,2024-10-03
1069,Liam Ndlovu,customer1069@example.co.za,0833493443,Pretoria,Gauteng,Retail,2023-04-16
1070,Lerato Mahlangu,customer1070@example.co.za,0843743996,Pretoria,Gauteng,Wholesale,2024-06-12
1071,Amahle Ndlovu,customer1071@example.co.za,0766981414,Johannesburg,Gauteng,Wholesale,2024-07-26
1072,Naledi Dlamini, customer1072@example.co.za,0826865386,East London,Eastern Cape,Retail,2023-02-22
1073,Mpho van Wyk, customer1073@example.co.za,0799535203,Gqeberha,Eastern Cape,Corporate,2025-02-27
1074,Zanele Mokoena,customer1074@example.co.za,0784029442,Kimberley,Northern Cape,Wholesale,2022-06-07
1075,Amahle Jacobs,customer1075@example.co.za,0841435572,Durban,KwaZulu-Natal,Corporate,2022-09-07
1076,Bongani Jacobs,customer1076@example.co.za,0716428072,Polokwane,Limpopo,Small Business,2022-03-01
1077,Liam Mahlangu,customer1077@example.co.za,0765518413,Johannesburg,Gauteng,Retail,2023-11-06
1078,Liam Maseko,customer1078@example.co.za,0793169632,Cape Town,Western Cape,Small Business,2022-04-10
1079,Ayanda Ndlovu,customer1079@example.co.za,0792186553,Gqeberha,Eastern Cape,Wholesale,2022-07-09
1080,Nomsa van Wyk,customer1080@example.co.za,0837692721,Polokwane,Limpopo,Retail,2022-02-12
1081,Mpho Adams,customer1081@example.co.za,0717751088,Durban,KwaZulu-Natal,Corporate,2022-11-12
1082,Kagiso Mahlangu,customer1082@example.co.za,0718253770,Johannesburg,Gauteng,Corporate,2022-09-26
1083,Naledi Mabena,customer1083@example.co.za,0784353283,Bloemfontein,Free State,Wholesale,2024-07-01
1084,Amahle Mthembu,customer1084@example.co.za,0788097946,Polokwane,Limpopo,Retail,2024-05-15
1085,Mpho Daniels,customer1085@example.co.za,0798147380,Bloemfontein,Free State,Retail,2022-03-24
1086,Ayanda Nkosi,customer1086@example.co.za,0794761958,Mbombela,Mpumalanga,Small Business,2024-10-11
1087,Sipho Smith,customer1087@example.co.za,0768337608,Mbombela,Mpumalanga,Retail,2024-09-05
1088,Anele Dlamini,customer1088@example.co.za,0796040020,Gqeberha,Eastern Cape,Small Business,2024-12-07
1089,Kagiso Ndlovu,customer1089@example.co.za,0782284002,Polokwane,Limpopo,Retail,2024-11-17
1090,Jason Daniels,customer1090@example.co.za,0828795642,Johannesburg,Gauteng,Corporate,2023-12-29
1091,Sipho Mokoena,customer1091@example.co.za,0828765820,Gqeberha,Eastern Cape,Small Business,2023-01-09
1092,Lerato Naidoo,customer1092@example.co.za,0765993696,Polokwane,Limpopo,Corporate,2024-07-20
1093,Nomsa Maseko,customer1093@example.co.za,0714140556,East London,Eastern Cape,Small Business,2023-01-15
1094,Nomsa Jacobs,customer1094@example.co.za,0769965341,Johannesburg,Gauteng,Retail,2022-01-12
1095,Naledi Mokoena,customer1095@example.co.za,0839004743,Polokwane,Limpopo,Wholesale,2024-04-09
1096,Amahle Smith,customer1096@example.co.za,0787052024,Kimberley,Northern Cape,Wholesale,2023-09-12
1097,Anele Dlamini,customer1097@example.co.za,0824201127,Johannesburg,Gauteng,Retail,2022-02-02
1098,Thabo Pillay,customer1098@example.co.za,0763435283,Durban,KwaZulu-Natal,Small Business,2024-06-11
1099,Zanele Naidoo,customer1099@example.co.za,0848774990,Mbombela,Mpumalanga,Small Business,2024-08-28
1100,Thabo Jacobs,customer1100@example.co.za,0833557220,Polokwane,Limpopo,Wholesale,2024-09-20
1101,Thabo Nkosi,customer1101@example.co.za,0785070650,East London,Eastern Cape,Small Business,2023-08-27
1102,Chantelle Ndlovu,customer1102@example.co.za,0841132108,Kimberley,Northern Cape,Retail,2024-06-03
1103,Amahle Smith,customer1103@example.co.za,0829178834,Polokwane,Limpopo,Wholesale,2024-09-22
1104,Amahle Botha,customer1104@example.co.za,0792018455,Mbombela,Mpumalanga,Retail,2024-05-14
1105,Ayanda Naidoo,customer1105@example.co.za,0847998405,Kimberley,Northern Cape,Wholesale,2022-08-28
1106,Bongani Nkosi,customer1106@example.co.za,0798318725,East London,Eastern Cape,Retail,2022-11-27
1107,Zanele Mahlangu,customer1107@example.co.za,0848350277,Gqeberha,Eastern Cape,Small Business,2024-11-05
1108,Ayanda Nkosi,customer1108@example.co.za,0835922335,Durban,KwaZulu-Natal,Wholesale,2024-05-03
1109,Amahle van Wyk,customer1109@example.co.za,0784476383,Bloemfontein,Free State,Corporate,2022-06-26
1110,Anele van Wyk,customer1110@example.co.za,0833622515,East London,Eastern Cape,Wholesale,2022-07-26
1111,Amahle Smith,customer1111@example.co.za,0834513701,Polokwane,Limpopo,Retail,2022-02-07
1112,Nomsa Mabena,customer1112@example.co.za,0793660958,Bloemfontein,Free State,Small Business,2024-10-28
1113,Sipho Maseko,customer1113@example.co.za,0762912087,Cape Town,Western Cape,Small Business,2022-09-05
1114,Sibusiso Mahlangu,customer1114@example.co.za,0846709692,Mbombela,Mpumalanga,Corporate,2022-04-06
1115,Nomsa Dlamini,customer1115@example.co.za,0719646766,Mbombela,Mpumalanga,Retail,2022-04-14
1116,Liam Jacobs,customer1116@example.co.za,0822709062,East London,Eastern Cape,Retail,2024-11-04
1117,Mpho Jacobs,customer1117@example.co.za,0714445809,Johannesburg,Gauteng,Corporate,2022-11-18
1118,Liam Mahlangu,customer1118@example.co.za,0792665880,Gqeberha,Eastern Cape,Small Business,2024-01-15
1119,Anele Jacobs,customer1119@example.co.za,0714387157,Bloemfontein,Free State,Wholesale,2024-05-01
1120,Sibusiso Mahlangu,customer1120@example.co.za,0845811005,Cape Town,Western Cape,Small Business,2022-06-24
1121,Bongani Daniels,customer1121@example.co.za,0845117989,Gqeberha,Eastern Cape,Small Business,2024-12-20
1122,Sibusiso Dlamini,customer1122@example.co.za,0718194453,Polokwane,Limpopo,Wholesale,2024-04-18
1123,Bongani Mokoena,customer1123@example.co.za,0763442499,East London,Eastern Cape,Retail,2024-11-25
1124,Sipho Maseko,customer1124@example.co.za,0847738583,Johannesburg,Gauteng,Small Business,2024-06-07
1125,Chantelle Ndlovu,customer1125@example.co.za,0793532555,Cape Town,Western Cape,Retail,2024-11-30
1126,Jason Adams,customer1126@example.co.za,0796105693,Gqeberha,Eastern Cape,Corporate,2023-12-06
1127,Nomsa Dlamini,customer1127@example.co.za,0797776956,Cape Town,Western Cape,Wholesale,2023-02-25
1128,Liam Mabena,customer1128@example.co.za,0717786479,Mbombela,Mpumalanga,Small Business,2023-09-10
1129,Lerato Maseko,customer1129@example.co.za,0763114023,Johannesburg,Gauteng,Corporate,2023-03-14
1130,Kagiso Maseko,customer1130@example.co.za,0713684813,Johannesburg,Gauteng,Retail,2022-02-27
1131,Nomsa Botha,customer1131@example.co.za,716099302,Mbombela,Mpumalanga,Wholesale,2024-10-31
1132,Lerato Mabena,customer1132@example.co.za,0849514426,Johannesburg,Gauteng,Corporate,2022-09-11
1133,Naledi Nkosi,customer1133@example.co.za,0841087466,Cape Town,Western Cape,Wholesale,2023-11-26
1134,Sibusiso Mabena,customer1134@example.co.za,0845773713,Durban,KwaZulu-Natal,Small Business,2024-02-13
1135,Sibusiso Jacobs,customer1135@example.co.za,0849664623,Mbombela,Mpumalanga,Small Business,2024-01-10
1136,Naledi Dlamini,customer1136@example.co.za,0798141928,East London,Eastern Cape,Wholesale,2022-06-17
1137,Lerato Daniels,customer1137@example.co.za,0838990200,Johannesburg,Gauteng,Small Business,2024-07-02
1138,Bongani Adams,customer1138@example.co.za,0789706452,Johannesburg,Gauteng,Wholesale,2023-06-25
1139,Amahle Daniels,customer1139@example.co.za,0769213136,Kimberley,Northern Cape,Wholesale,2022-11-30
1140,Anele Mahlangu,customer1140@example.co.za,0798679146,Pretoria,Gauteng,Small Business,2024-11-17
1141,Naledi Pillay,customer1141@example.co.za,0768941588,Mbombela,Mpumalanga,Retail,2022-11-18
1142,Bongani Jacobs,customer1142@example.co.za,787855503,Mbombela,Mpumalanga,Retail,2022-09-05
1143,Kagiso Ndlovu,customer1143@example.co.za,0783572022,Bloemfontein,Free State,Retail,2024-01-31
1144,Bongani Smith,customer1144@example.co.za,0849152477,Gqeberha,Eastern Cape,Retail,2022-10-20
1145,Jason Ndlovu,customer1145@example.co.za,845756043,Pretoria,Gauteng,Small Business,2023-01-10
1146,Thabo Jacobs,customer1146@example.co.za,0786849358,East London,Eastern Cape,Retail,2022-04-02
1147,Amahle Smith,customer1147@example.co.za,0788589583,Polokwane,Limpopo,Corporate,2024-02-12
1148,Anele Dlamini,customer1148@example.co.za,0788733225,East London,Eastern Cape,Wholesale,2024-07-08
1149,Ayanda Naidoo,customer1149@example.co.za,0717872422,Pretoria,Gauteng,Wholesale,2023-04-22
1150,Ayanda Ndlovu,customer1150@example.co.za,0798433920,Polokwane,Limpopo,Corporate,2022-07-01
1151,Thabo Smith,customer1151@example.co.za,0783076710,Pretoria,Gauteng,Retail,2023-01-30
1152,Lerato Pillay,customer1152@example.co.za,0718983198,Kimberley,Northern Cape,Retail,2022-09-04
1153,Mpho Mokoena,customer1153@example.co.za,0844452834,Mbombela,Mpumalanga,Small Business,2025-04-01
1154,Sipho Maseko,customer1154@example.co.za,0761754700,East London,Eastern Cape,Wholesale,2022-02-17
1155,Jason van Wyk, customer1155@example.co.za,0761403608,Bloemfontein,Free State,Corporate,2024-02-22
1156,Sipho Jacobs,customer1156@example.co.za,0823821189,Gqeberha,Eastern Cape,Corporate,2022-10-22
1157,Nomsa Naidoo,customer1157@example.co.za,836147152,Pretoria,Gauteng,Wholesale,2022-12-13
1158,Ayanda van Wyk,customer1158@example.co.za,0821981497,Cape Town,Western Cape,Corporate,2024-03-09
1159,Ayanda Dlamini,customer1159@example.co.za,766439471,Johannesburg,Gauteng,Corporate,2024-02-09
1160,Lerato Pillay,customer1160@example.co.za,0834967662,Johannesburg,Gauteng,Wholesale,2024-11-07
1161,Chantelle Jacobs,customer1161@example.co.za,0842017235,Mbombela,Mpumalanga,Corporate,2024-08-09
1162,Jason Naidoo,customer1162@example.co.za,0761484969,Mbombela,Mpumalanga,Wholesale,2023-04-24
1163,Nomsa Jacobs, customer1163@example.co.za,0833106737,Cape Town,Western Cape,Corporate,2025-03-09
1164,Liam Naidoo,customer1164@example.co.za,0719395862,Polokwane,Limpopo,Small Business,2022-10-19
1165,Mpho Botha,customer1165@example.co.za,0788109386,Bloemfontein,Free State,Wholesale,2022-03-27
1166,Liam Smith,customer1166@example.co.za,0793808198,Cape Town,Western Cape,Retail,2022-05-04
1167,Nomsa Mthembu,customer1167@example.co.za,0717377917,East London,Eastern Cape,Corporate,2023-03-12
1168,Kagiso Ndlovu,customer1168@example.co.za,0839960531,Kimberley,Northern Cape,Retail,2023-09-08
1169,Chantelle Jacobs,customer1169@example.co.za,0713342942,Johannesburg,Gauteng,Corporate,2024-06-03
1170,Ayanda Maseko,customer1170@example.co.za,0795384902,Durban,KwaZulu-Natal,Wholesale,2023-07-14
1171,Ayanda Maseko,customer1171@example.co.za,0838714152,Durban,KwaZulu-Natal,Corporate,2022-02-02
1172,Thabo Mahlangu,customer1172@example.co.za,0821160702,Pretoria,Gauteng,Small Business,2024-04-26
1173,Amahle Adams,customer1173@example.co.za,0782361450,Mbombela,Mpumalanga,Retail,2025-01-08
1174,Liam Jacobs,customer1174@example.co.za,0847314548,Cape Town,Western Cape,Corporate,2024-03-03
1175,Thabo Jacobs,customer1175@example.co.za,0767215633,Pretoria,Gauteng,Small Business,2024-06-29
1176,Sibusiso Mokoena,customer1176@example.co.za,0715716653,Cape Town,Western Cape,Corporate,2023-01-28
1177,Kagiso Botha,customer1177@example.co.za,0839284734,Johannesburg,Gauteng,Corporate,2022-03-17
1178,Amahle Pillay,customer1178@example.co.za,0824289790,Gqeberha,Eastern Cape,Wholesale,2022-08-16
1179,Amahle van Wyk,customer1179@example.co.za,0784250925,Gqeberha,Eastern Cape,Small Business,2022-05-14
1180,Anele Naidoo,customer1180@example.co.za,0835355775,Kimberley,Northern Cape,Small Business,2024-12-07
1181,Zanele Mokoena,customer1181@example.co.za,0799941274,Gqeberha,Eastern Cape,Corporate,2025-02-21
1182,Thabo Daniels,customer1182@example.co.za,0791870113,East London,Eastern Cape,Corporate,2024-06-04
1183,Nomsa Jacobs,customer1183@example.co.za,0799695551,Polokwane,Limpopo,Wholesale,2024-10-11
1184,Lerato Botha,customer1184@example.co.za,0825662942,Bloemfontein,Free State,Wholesale,2024-12-26
1185,Ayanda Mokoena,customer1185@example.co.za,0764264982,East London,Eastern Cape,Corporate,2022-06-17
1186,Thabo Botha,customer1186@example.co.za,0798110523,Kimberley,Northern Cape,Retail,2023-05-27
1187,Mpho Maseko,customer1187@example.co.za,0842054349,Durban,KwaZulu-Natal,Retail,2022-02-27
1188,Jason Mokoena,customer1188@example.co.za,0786608665,East London,Eastern Cape,Corporate,2023-05-22
1189,Amahle Botha,customer1189@example.co.za,0841913231,Johannesburg,Gauteng,Corporate,2024-11-30
1190,Sipho Nkosi,customer1190@example.co.za,0712605088,Durban,KwaZulu-Natal,Wholesale,2025-03-31
1191,Sipho Ndlovu,customer1191@example.co.za,0827331639,Johannesburg,Gauteng,Corporate,2022-05-14
1192,Lerato Nkosi,customer1192@example.co.za,0826057845,Pretoria,Gauteng,Wholesale,2022-05-15
1193,Lerato Ndlovu,customer1193@example.co.za,0847399761,Johannesburg,Gauteng,Wholesale,2022-07-16
1194,Jason Botha,customer1194@example.co.za,0711177948,Kimberley,Northern Cape,Wholesale,2024-02-26
1195,Jason Jacobs,customer1195@example.co.za,0841435739,East London,Eastern Cape,Wholesale,2024-11-25
1196,Zanele Jacobs,customer1196@example.co.za,0821206168,Bloemfontein,Free State,Retail,2023-02-01
1197,Anele Mthembu,customer1197@example.co.za,0848063325,Kimberley,Northern Cape,Wholesale,2024-06-29
1198,Sibusiso Dlamini,customer1198@example.co.za,0711739385,Pretoria,Gauteng,Retail,2022-09-19
1199,Jason Mabena,customer1199@example.co.za,0843443176,Gqeberha,Eastern Cape,Small Business,2024-08-19
1200,Ayanda Smith,customer1200@example.co.za,0841135590,Gqeberha,Eastern Cape,Small Business,2022-04-28
1201,Lerato Daniels,customer1201@example.co.za,0844278387,Durban,KwaZulu-Natal,Small Business,2023-02-17
1202,Ayanda Pillay,customer1202@example.co.za,0798981342,Johannesburg,Gauteng,Wholesale,2023-11-10
1203,Ayanda Smith,customer1203@example.co.za,0766513312,Kimberley,Northern Cape,Small Business,2022-08-03
1204,Lerato Mahlangu,customer1204@example.co.za,0831062026,East London,Eastern Cape,Small Business,2023-04-17
1205,Zanele Botha,customer1205@example.co.za,0766561900,East London,Eastern Cape,Wholesale,2023-02-25
1206,Mpho Mokoena,customer1206@example.co.za,0841165961,Polokwane,Limpopo,Retail,2024-01-03
1207,Naledi Dlamini, customer1207@example.co.za,0848388822,Cape Town,Western Cape,Small Business,2025-04-14
1208,Lerato Mokoena,customer1208@example.co.za,0834318952,Bloemfontein,Free State,Corporate,2022-12-23
1209,Nomsa van Wyk,customer1209@example.co.za,0845126595,Durban,KwaZulu-Natal,Small Business,2023-02-06
1210,Mpho Mthembu,customer1210@example.co.za,0821352216,Cape Town,Western Cape,Small Business,2024-02-16
1211,Ayanda Pillay,customer1211@example.co.za,0848653827,Johannesburg,Gauteng,Small Business,2024-01-28
1212,Mpho Daniels,customer1212@example.co.za,0792096852,Bloemfontein,Free State,Retail,2022-10-23
1213,Zanele Pillay,customer1213@example.co.za,0787345068,Pretoria,Gauteng,Corporate,2023-10-14
1214,Jason Botha,customer1214@example.co.za,0824172607,Kimberley,Northern Cape,Corporate,2022-11-01
1215,Sibusiso Ndlovu,customer1215@example.co.za,0795698850,Bloemfontein,Free State,Small Business,2024-11-06
1216,Amahle Pillay,customer1216@example.co.za,0792365794,Kimberley,Northern Cape,Wholesale,2022-05-13
1217,Chantelle Mabena,customer1217@example.co.za,0769705569,Pretoria,Gauteng,Wholesale,2023-01-02
1218,Bongani Mahlangu,customer1218@example.co.za,0799301232,Bloemfontein,Free State,Wholesale,2023-07-04
1219,Chantelle Ndlovu,customer1219@example.co.za,0834683039,Kimberley,Northern Cape,Small Business,2024-07-14
1220,Chantelle Pillay,customer1220@example.co.za,0848130700,Durban,KwaZulu-Natal,Wholesale,2025-03-16
1221,Bongani Mthembu, customer1221@example.co.za,0782422018,Pretoria,Gauteng,Small Business,2022-06-22
1222,Liam Mabena,customer1222@example.co.za,0831690263,Gqeberha,Eastern Cape,Wholesale,2024-11-15
1223,Ayanda Daniels,customer1223@example.co.za,0768844203,Kimberley,Northern Cape,Wholesale,2024-04-17
1224,Amahle Maseko,customer1224@example.co.za,0847415119,Bloemfontein,Free State,Retail,2023-01-03
1225,Sibusiso Mthembu,customer1225@example.co.za,0792273196,East London,Eastern Cape,Corporate,2022-06-18
1226,Sipho Mthembu,customer1226@example.co.za,0832651030,Gqeberha,Eastern Cape,Retail,2022-05-27
1227,Lerato Pillay,customer1227@example.co.za,0844299177,Bloemfontein,Free State,Corporate,2023-05-28
1228,Nomsa Pillay,customer1228@example.co.za,0793312992,Gqeberha,Eastern Cape,Corporate,2022-01-18
1229,Kagiso Mabena, customer1229@example.co.za,0717774826,Gqeberha,Eastern Cape,Wholesale,2025-04-02
1230,Amahle Dlamini,customer1230@example.co.za,0717669032,Cape Town,Western Cape,Small Business,2023-04-10
1231,Amahle Botha,customer1231@example.co.za,0788864124,Durban,KwaZulu-Natal,Wholesale,2023-11-29
1232,Ayanda Pillay,customer1232@example.co.za,0768007639,Johannesburg,Gauteng,Small Business,2024-06-17
1233,Thabo Mabena,customer1233@example.co.za,0833153282,East London,Eastern Cape,Corporate,2022-01-20
1234,Bongani Maseko, customer1234@example.co.za,0838032125,East London,Eastern Cape,Wholesale,2024-04-06
1235,Kagiso Maseko,customer1235@example.co.za,0781389899,Mbombela,Mpumalanga,Retail,2022-10-12
1236,Ayanda Adams,customer1236@example.co.za,0764425984,Pretoria,GAUTENG,Wholesale,2022-05-11
1237,Chantelle Pillay,customer1237@example.co.za,0762822649,Mbombela,Mpumalanga,Corporate,2025-03-12
1238,Kagiso Naidoo,customer1238@example.co.za,0832750084,East London,Eastern Cape,Small Business,2022-03-07
1239,Amahle Mokoena,customer1239@example.co.za,0834338644,Kimberley,Northern Cape,Retail,2024-03-01
1240,Zanele Botha,customer1240@example.co.za,0849797899,Gqeberha,Eastern Cape,Retail,2024-07-20
1241,Bongani Mokoena, customer1241@example.co.za,0836482325,Cape Town,Western Cape,Wholesale,2024-03-11
1242,Naledi Dlamini,customer1242@example.co.za,0788019808,Pretoria,Gauteng,Wholesale,2022-05-21
1243,Zanele Dlamini,customer1243@example.co.za,0714450687,Polokwane,Limpopo,Corporate,2024-06-04
1244,Mpho Smith,customer1244@example.co.za,0784405319,East London,Eastern Cape,Wholesale,2023-07-19
1245,Thabo Dlamini,customer1245@example.co.za,0762073239,Durban,KwaZulu-Natal,Wholesale,2023-05-21
1246,Ayanda Mahlangu,customer1246@example.co.za,0768762741,Mbombela,Mpumalanga,Retail,2022-07-06
1247,Liam Mabena,customer1247@example.co.za,0795990361,Gqeberha,Eastern Cape,Wholesale,2022-12-25
1248,Sibusiso van Wyk,customer1248@example.co.za,0788249042,Polokwane,Limpopo,Wholesale,2024-02-27
1249,Naledi Adams, customer1249@example.co.za,0791732568,Pretoria,Gauteng,Small Business,2022-11-20
1250,Kagiso Naidoo,customer1250@example.co.za,0794644931,Gqeberha,Eastern Cape,Wholesale,2024-04-22
1251,Naledi Mabena,customer1251@example.co.za,0822765375,Mbombela,Mpumalanga,Corporate,2024-04-19
1252,Mpho Mthembu,customer1252@example.co.za,0839490354,East London,Eastern Cape,Retail,2024-08-04
1253,Sipho Nkosi,customer1253@example.co.za,0766765619,Cape Town,Western Cape,Wholesale,2023-02-03
1254,Lerato Mokoena,customer1254@example.co.za,0842924056,Polokwane,Limpopo,Small Business,2023-11-01
1255,Amahle Nkosi,customer1255@example.co.za,0822384936,East London,Eastern Cape,Small Business,2024-06-15
1256,Amahle Mthembu,customer1256@example.co.za,0713707281,Pretoria,Gauteng,Small Business,2022-02-06
1257,Naledi van Wyk,customer1257@example.co.za,0843082914,Kimberley,Northern Cape,Wholesale,2022-12-11
1258,Thabo Mthembu,customer1258@example.co.za,0838393014,Johannesburg,Gauteng,Corporate,2022-12-31
1259,Lerato Pillay,customer1259@example.co.za,0761801213,Durban,KwaZulu-Natal,Retail,2024-03-10
1260,Liam Ndlovu,customer1260@example.co.za,0781078278,Gqeberha,Eastern Cape,Retail,2024-02-12
1261,Sibusiso Mabena,customer1261@example.co.za,0834355203,Durban,KwaZulu-Natal,Retail,2022-02-02
1262,Thabo Mokoena,customer1262@example.co.za,0844223772,Polokwane,Limpopo,Retail,2023-03-28
1263,Mpho van Wyk,customer1263@example.co.za,0827973953,Johannesburg,Gauteng,Retail,2023-11-01
1264,Zanele Pillay,customer1264@example.co.za,0787628072,Bloemfontein,Free State,Wholesale,2022-09-05
1265,Zanele Jacobs,customer1265@example.co.za,0846425211,Durban,KwaZulu-Natal,Small Business,2022-01-31
1266,Ayanda Mokoena,customer1266@example.co.za,0764569653,Polokwane,Limpopo,Wholesale,2023-03-27
1267,Nomsa Mabena,customer1267@example.co.za,0822129631,Johannesburg,Gauteng,Small Business,2024-04-21
1268,Amahle Jacobs,customer1268@example.co.za,0799995633,Gqeberha,Eastern Cape,Small Business,2023-05-31
1269,Ayanda Adams,customer1269@example.co.za,0793230219,Johannesburg,Gauteng,Corporate,2022-12-26
1270,Amahle Naidoo,customer1270@example.co.za,0841296097,Bloemfontein,Free State,Wholesale,2024-02-23
1271,Sibusiso Mokoena,customer1271@example.co.za,0831355901,Mbombela,Mpumalanga,Retail,2023-09-25
1272,Jason Botha,customer1272@example.co.za,0782331937,Durban,KwaZulu-Natal,Retail,2022-10-09
1273,Amahle Smith,customer1273@example.co.za,0833544610,Bloemfontein,Free State,Wholesale,2023-02-23
1274,Sibusiso Nkosi,customer1274@example.co.za,0796514500,Cape Town,Western Cape,Small Business,2023-07-24
1275,Lerato Daniels,customer1275@example.co.za,0795839473,Bloemfontein,Free State,Retail,2023-04-15
1276,Ayanda Botha,customer1276@example.co.za,0831907210,Bloemfontein,Free State,Small Business,2023-04-01
1277,Chantelle Maseko,customer1277@example.co.za,0838421584,Kimberley,Northern Cape,Retail,2022-05-13
1278,Sipho Pillay,customer1278@example.co.za,0823374513,East London,Eastern Cape,Small Business,2022-09-15
1279,Mpho Pillay,customer1279@example.co.za,0839513171,Johannesburg,Gauteng,Retail,2024-05-22
1280,Kagiso van Wyk,customer1280@example.co.za,0794314108,East London,Eastern Cape,Small Business,2024-05-18
1281,Sibusiso Smith,customer1281@example.co.za,0848520742,Pretoria,Gauteng,Small Business,2023-07-11
1282,Sipho Mabena,customer1282@example.co.za,0767337047,East London,Eastern Cape,Small Business,2024-08-22
1283,Jason Daniels,customer1283@example.co.za,0713615206,East London,Eastern Cape,Wholesale,2022-02-10
1284,Jason Naidoo,customer1284@example.co.za,0716037049,Polokwane,Limpopo,Small Business,2025-02-06
1285,Nomsa Adams,customer1285@example.co.za,0766131265,Pretoria,Gauteng,Wholesale,2023-08-04
1286,Amahle Naidoo,customer1286@example.co.za,0843292713,Polokwane,Limpopo,Wholesale,2023-02-05
1287,Zanele Mokoena,customer1287@example.co.za,829400348,Pretoria,Gauteng,Corporate,2024-10-03
1288,Jason Adams,customer1288@example.co.za,0797260332,Polokwane,Limpopo,Wholesale,2024-09-29
1289,Sipho Daniels,customer1289@example.co.za,0823088386,Gqeberha,Eastern Cape,Wholesale,2025-03-04
1290,Zanele Daniels,customer1290@example.co.za,0846848179,Pretoria,Gauteng,Wholesale,2024-01-25
1291,Chantelle Daniels,customer1291@example.co.za,795140479,Cape Town,Western Cape,Small Business,2024-09-05
1292,Bongani Mokoena,customer1292@example.co.za,0793481086,Cape Town,Western Cape,Corporate,2024-07-21
1293,Nomsa Botha,customer1293@example.co.za,0783708302,Pretoria,Gauteng,Retail,2022-08-28
1294,Chantelle Adams,customer1294@example.co.za,0792348021,Johannesburg,Gauteng,Small Business,2024-05-16
1295,Jason Mthembu,customer1295@example.co.za,0796070402,Pretoria,Gauteng,Wholesale,2025-04-15
1296,Jason Naidoo,customer1296@example.co.za,0826777952,Gqeberha,Eastern Cape,Small Business,2023-07-05
1297,Chantelle Smith,customer1297@example.co.za,0823825261,Durban,KwaZulu-Natal,Wholesale,2022-01-04
1298,Sipho Daniels,customer1298@example.co.za,0787993453,Johannesburg,Gauteng,Corporate,2024-06-01
1299,Mpho Mabena,customer1299@example.co.za,833253718,Pretoria,Gauteng,Small Business,2024-09-23
1300,Naledi Nkosi,customer1300@example.co.za,0784566389,Pretoria,Gauteng,Small Business,2023-02-16
1301,Mpho Pillay,customer1301@example.co.za,0847858398,Cape Town,Western Cape,Wholesale,2022-08-12
1302,Sipho Smith,customer1302@example.co.za,0827337233,Pretoria,Gauteng,Retail,2023-07-21
1303,Ayanda Mokoena,customer1303@example.co.za,0784938956,Johannesburg,Gauteng,Wholesale,2024-09-20
1304,Thabo Ndlovu,customer1304@example.co.za,0841121243,Johannesburg,Gauteng,Retail,2022-07-18
1305,Thabo Adams,customer1305@example.co.za,0789725395,Durban,KwaZulu-Natal,Corporate,2024-09-22
1306,Ayanda Daniels,customer1306@example.co.za,0847220742,East London,Eastern Cape,Corporate,2023-10-08
1307,Bongani Adams,customer1307@example.co.za,0761960353,Durban,KwaZulu-Natal,Corporate,2023-11-08
1308,Thabo Nkosi,customer1308@example.co.za,0717741225,Johannesburg,Gauteng,Small Business,2022-02-22
1309,Naledi Mthembu,customer1309@example.co.za,0795169769,Kimberley,Northern Cape,Corporate,2024-07-14
1310,Amahle Daniels,customer1310@example.co.za,0794153025,Kimberley,Northern Cape,Retail,2023-10-22
1311,Bongani Ndlovu,customer1311@example.co.za,0716461406,Cape Town,Western Cape,Wholesale,2023-04-24
1312,Amahle Adams,customer1312@example.co.za,0792365149,Kimberley,Northern Cape,Corporate,2024-05-26
1313,Naledi Adams,customer1313@example.co.za,0844272848,East London,Eastern Cape,Small Business,2024-12-01
1314,Lerato Dlamini,customer1314@example.co.za,0762461125,Kimberley,Northern Cape,Corporate,2025-01-28
1315,Mpho Nkosi,customer1315@example.co.za,0829089445,East London,Eastern Cape,Small Business,2023-05-14
1316,Mpho Naidoo,customer1316@example.co.za,0828296300,Durban,KwaZulu-Natal,Retail,2022-11-25
1317,Chantelle Mthembu,customer1317@example.co.za,0835322289,Bloemfontein,Free State,Wholesale,2022-09-10
1318,Amahle Naidoo,customer1318@example.co.za,0716583476,Pretoria,Gauteng,Small Business,2025-03-25
1319,Sipho Maseko,customer1319@example.co.za,0767403032,Kimberley,Northern Cape,Wholesale,2023-04-23
1320,Nomsa Jacobs,customer1320@example.co.za,0842471032,Durban,KwaZulu-Natal,Retail,2022-07-02
1321,Zanele Jacobs,customer1321@example.co.za,0787169603,Bloemfontein,Free State,Small Business,2023-10-04
1322,Thabo Smith,customer1322@example.co.za,0829985927,Polokwane,Limpopo,Small Business,2024-03-05
1323,Ayanda Mabena,customer1323@example.co.za,0713119085,Polokwane,Limpopo,Small Business,2022-08-07
1324,Thabo Nkosi,customer1324@example.co.za,0843427676,Polokwane,Limpopo,Corporate,2023-03-25
1325,Liam Dlamini,customer1325@example.co.za,0785754542,East London,Eastern Cape,Small Business,2022-03-12
1326,Ayanda Smith,customer1326@example.co.za,0783071382,Kimberley,Northern Cape,Corporate,2025-03-21
1327,Zanele Mahlangu,customer1327@example.co.za,0847320122,East London,Eastern Cape,Retail,2023-11-14
1328,Zanele Botha,customer1328@example.co.za,0791881916,Pretoria,Gauteng,Small Business,2024-09-25
1329,Kagiso van Wyk, customer1329@example.co.za,0827581459,Polokwane,Limpopo,Corporate,2024-05-15
1330,Bongani Adams,customer1330@example.co.za,0762204993,East London,Eastern Cape,Corporate,2023-08-02
1331,Chantelle Jacobs,customer1331@example.co.za,0836426063,Durban,KwaZulu-Natal,Retail,2023-09-15
1332,Mpho Dlamini,customer1332@example.co.za,0769094028,East London,Eastern Cape,Corporate,2022-10-24
1333,Zanele Pillay,customer1333@example.co.za,0791153218,Durban,KwaZulu-Natal,Corporate,2025-03-24
1334,Anele Adams,customer1334@example.co.za,0763822312,Johannesburg,Gauteng,Retail,2022-07-16
1335,Amahle van Wyk,customer1335@example.co.za,0822968753,Bloemfontein,Free State,Corporate,2024-06-07
1336,Chantelle Botha,customer1336@example.co.za,0822993175,Pretoria,GAUTENG,Small Business,2024-03-23
1337,Kagiso van Wyk,customer1337@example.co.za,0797297691,East London,Eastern Cape,Retail,2024-08-07
1338,Nomsa Nkosi,customer1338@example.co.za,0841194656,Polokwane,Limpopo,Retail,2022-08-27
1339,Naledi Mahlangu,customer1339@example.co.za,0799552160,Johannesburg,Gauteng,Small Business,2022-02-17
1340,Amahle Mthembu,customer1340@example.co.za,0792586340,Kimberley,Northern Cape,Small Business,2024-02-26
1341,Jason Smith,customer1341@example.co.za,0783101118,East London,Eastern Cape,Retail,2023-10-29
1342,Mpho Adams,customer1342@example.co.za,0711331289,Johannesburg,Gauteng,Wholesale,2025-02-12
1343,Amahle Naidoo,customer1343@example.co.za,0783081873,Mbombela,Mpumalanga,Small Business,2022-08-29
1344,Mpho Mokoena,customer1344@example.co.za,0788503322,Pretoria,Gauteng,Corporate,2022-09-09
1345,Anele Pillay,customer1345@example.co.za,0793704659,Cape Town,Western Cape,Retail,2025-02-25
1346,Lerato Naidoo,customer1346@example.co.za,0829491759,Gqeberha,Eastern Cape,Corporate,2024-01-15
1347,Mpho Daniels,customer1347@example.co.za,0791001435,Mbombela,Mpumalanga,Small Business,2023-09-08
1348,Kagiso Nkosi,customer1348@example.co.za,0839228265,Cape Town,Western Cape,Corporate,2024-12-06
1349,Zanele Jacobs,customer1349@example.co.za,0791750538,Bloemfontein,Free State,Small Business,2022-03-17
1350,Anele Smith,customer1350@example.co.za,0714610673,Durban,KwaZulu-Natal,Small Business,2025-02-04
1351,Bongani Mthembu,customer1351@example.co.za,0838080237,Durban,KwaZulu-Natal,Retail,2025-01-31
1352,Nomsa Adams,customer1352@example.co.za,0793740044,Gqeberha,Eastern Cape,Wholesale,2024-07-23
1353,Nomsa Daniels,customer1353@example.co.za,0793403234,Johannesburg,Gauteng,Small Business,2022-05-25
1354,Zanele Mabena,customer1354@example.co.za,0789580328,Gqeberha,Eastern Cape,Small Business,2024-05-09
1355,Ayanda Daniels,customer1355@example.co.za,0761434695,Pretoria,Gauteng,Small Business,2022-06-08
1356,Naledi Jacobs,customer1356@example.co.za,0797824657,Gqeberha,Eastern Cape,Retail,2023-11-06
1357,Bongani Maseko,customer1357@example.co.za,0715584424,Johannesburg,Gauteng,Small Business,2023-04-08
1358,Thabo Jacobs,customer1358@example.co.za,0764728326,Gqeberha,Eastern Cape,Wholesale,2022-08-04
1359,Mpho Smith,customer1359@example.co.za,0789214437,Johannesburg,Gauteng,Retail,2024-12-19
1360,Kagiso Mthembu,customer1360@example.co.za,0782662054,Bloemfontein,Free State,Retail,2022-12-16
1361,Chantelle van Wyk,customer1361@example.co.za,0849920146,Bloemfontein,Free State,Wholesale,2024-09-03
1362,Anele Mthembu,customer1362@example.co.za,0829616197,Kimberley,Northern Cape,Small Business,2022-09-16
1363,Chantelle Mthembu,customer1363@example.co.za,0827210098,Pretoria,Gauteng,Small Business,2024-05-06
1364,Mpho Nkosi,customer1364@example.co.za,0848862907,East London,Eastern Cape,Corporate,2023-07-19
1365,Sibusiso Smith,customer1365@example.co.za,0792458649,Polokwane,Limpopo,Corporate,2024-04-12
1366,Sipho Naidoo, customer1366@example.co.za,0825027148,Bloemfontein,Free State,Retail,2022-12-05
1367,Lerato Naidoo, customer1367@example.co.za,0795795781,Kimberley,Northern Cape,Wholesale,2022-01-22
1368,Anele Mahlangu,customer1368@example.co.za,0769640458,Polokwane,Limpopo,Retail,2024-04-10
1369,Zanele Mokoena,customer1369@example.co.za,0798129962,Cape Town,Western Cape,Corporate,2023-05-16
1370,Lerato Nkosi,customer1370@example.co.za,0839783147,Mbombela,Mpumalanga,Small Business,2022-12-25
1371,Bongani Dlamini,customer1371@example.co.za,0786927248,Johannesburg,Gauteng,Retail,2024-05-15
1372,Chantelle van Wyk,customer1372@example.co.za,0842899743,East London,Eastern Cape,Corporate,2023-05-27
1373,Naledi Smith,customer1373@example.co.za,0849105487,Mbombela,Mpumalanga,Corporate,2023-06-27
1374,Thabo Adams,customer1374@example.co.za,0836114027,Durban,KwaZulu-Natal,Retail,2024-08-06
1375,Amahle Ndlovu,customer1375@example.co.za,0841098836,Kimberley,Northern Cape,Wholesale,2023-11-04
1376,Bongani Jacobs,customer1376@example.co.za,0826867356,Gqeberha,Eastern Cape,Small Business,2024-04-03
1377,Thabo Jacobs,customer1377@example.co.za,0769255164,Bloemfontein,Free State,Small Business,2022-06-23
1378,Anele Daniels,customer1378@example.co.za,0829177419,Mbombela,Mpumalanga,Retail,2022-11-15
1379,Sibusiso Mahlangu,customer1379@example.co.za,0767279870,Gqeberha,Eastern Cape,Corporate,2024-01-17
1380,Mpho Mthembu,customer1380@example.co.za,0828358018,Polokwane,Limpopo,Wholesale,2022-11-28
1381,Bongani Daniels,customer1381@example.co.za,0827026992,Pretoria,Gauteng,Small Business,2022-08-15
1382,Kagiso Ndlovu,customer1382@example.co.za,0837619383,Durban,KwaZulu-Natal,Wholesale,2023-11-10
1383,Mpho Pillay,customer1383@example.co.za,0765459377,Cape Town,Western Cape,Retail,2024-05-12
1384,Amahle Dlamini,customer1384@example.co.za,0847708806,East London,Eastern Cape,Wholesale,2022-09-27
1385,Naledi Mokoena,customer1385@example.co.za,0833609561,Johannesburg,Gauteng,Corporate,2024-10-21
1386,Sibusiso Ndlovu,customer1386@example.co.za,0796740173,Cape Town,Western Cape,Wholesale,2022-01-17
1387,Amahle Smith,customer1387@example.co.za,0849152539,Polokwane,Limpopo,Retail,2024-05-28
1388,Anele van Wyk,customer1388@example.co.za,0835716726,Durban,KwaZulu-Natal,Retail,2023-06-24
1389,Jason Pillay,customer1389@example.co.za,0762729141,Durban,KwaZulu-Natal,Small Business,2023-01-22
1390,Anele Botha,customer1390@example.co.za,0823219555,Kimberley,Northern Cape,Wholesale,2022-03-20
1391,Zanele Dlamini,customer1391@example.co.za,0761296308,Gqeberha,Eastern Cape,Small Business,2022-07-06
1392,Chantelle Daniels,customer1392@example.co.za,0786141309,Cape Town,Western Cape,Small Business,2023-03-31
1393,Jason Mahlangu,customer1393@example.co.za,0829554093,Bloemfontein,Free State,Wholesale,2022-04-16
1394,Naledi Mthembu,customer1394@example.co.za,0845706947,Gqeberha,Eastern Cape,Corporate,2024-05-06
1395,Ayanda Ndlovu,customer1395@example.co.za,0831686005,Durban,KwaZulu-Natal,Retail,2022-04-17
1396,Zanele Smith,customer1396@example.co.za,0765700293,Bloemfontein,Free State,Retail,2024-06-01
1397,Nomsa Mahlangu,customer1397@example.co.za,0846608323,Pretoria,Gauteng,Corporate,2022-08-17
1398,Thabo Dlamini,customer1398@example.co.za,0847049339,Johannesburg,Gauteng,Corporate,2024-12-19
1399,Bongani Botha,customer1399@example.co.za,0795629621,Kimberley,Northern Cape,Small Business,2025-04-11
1400,Sipho Jacobs,customer1400@example.co.za,0833019210,Polokwane,Limpopo,Retail,2023-01-26
1401,Liam Jacobs,customer1401@example.co.za,0826752873,Durban,KwaZulu-Natal,Corporate,2024-08-29
1402,Anele Ndlovu,customer1402@example.co.za,0834216305,Durban,KwaZulu-Natal,Wholesale,2025-02-01
1403,Bongani Mabena,customer1403@example.co.za,0762970130,Gqeberha,Eastern Cape,Wholesale,2022-05-19
1404,Jason Mokoena,customer1404@example.co.za,0835599450,East London,Eastern Cape,Small Business,2023-08-17
1405,Lerato Pillay,customer1405@example.co.za,0797668839,Cape Town,Western Cape,Wholesale,2024-12-26
1406,Sipho van Wyk,customer1406@example.co.za,0769544273,Mbombela,Mpumalanga,Wholesale,2025-02-25
1407,Chantelle Mthembu,customer1407@example.co.za,0834088120,Polokwane,Limpopo,Retail,2022-11-24
1408,Zanele Mokoena,customer1408@example.co.za,0719603283,Kimberley,Northern Cape,Wholesale,2024-10-28
1409,Nomsa Smith,customer1409@example.co.za,0714696630,Mbombela,Mpumalanga,Corporate,2023-07-04
1410,Naledi van Wyk,customer1410@example.co.za,0831765250,Mbombela,Mpumalanga,Small Business,2023-08-21
1411,Anele Mthembu,customer1411@example.co.za,0835537143,Cape Town,Western Cape,Retail,2023-05-25
1412,Naledi Mokoena,customer1412@example.co.za,0796829443,Durban,KwaZulu-Natal,Corporate,2023-10-27
1413,Nomsa Dlamini,customer1413@example.co.za,0765947522,Johannesburg,Gauteng,Corporate,2022-04-28
1414,Bongani Botha,customer1414@example.co.za,0795692416,Cape Town,Western Cape,Small Business,2023-06-09
1415,Naledi Adams,customer1415@example.co.za,0795317535,Cape Town,Western Cape,Small Business,2024-06-24
1416,Ayanda Mthembu,customer1416@example.co.za,0837634775,Durban,KwaZulu-Natal,Small Business,2024-07-02
1417,Jason Mabena,customer1417@example.co.za,0839036402,Durban,KwaZulu-Natal,Retail,2024-10-12
1418,Liam van Wyk,customer1418@example.co.za,0713954644,Pretoria,Gauteng,Small Business,2025-03-12
1419,Mpho Smith,customer1419@example.co.za,0826203625,East London,Eastern Cape,Small Business,2022-12-30
1420,Zanele Naidoo,customer1420@example.co.za,0832208776,Polokwane,Limpopo,Wholesale,2023-05-18
1421,Chantelle Jacobs,customer1421@example.co.za,0799837877,East London,Eastern Cape,Small Business,2022-01-25
1422,Naledi Adams,customer1422@example.co.za,0761347555,Kimberley,Northern Cape,Retail,2022-01-28
1423,Anele Botha,customer1423@example.co.za,0712402500,Cape Town,Western Cape,Corporate,2022-10-20
1424,Thabo Mokoena,customer1424@example.co.za,0712784071,Kimberley,Northern Cape,Corporate,2022-06-24
1425,Anele Mahlangu,customer1425@example.co.za,0718454556,Durban,KwaZulu-Natal,Small Business,2023-09-22
1426,Amahle Dlamini,customer1426@example.co.za,0831937435,Bloemfontein,Free State,Corporate,2025-01-18
1427,Thabo Ndlovu,customer1427@example.co.za,0825978445,Johannesburg,Gauteng,Retail,2024-11-13
1428,Anele Mokoena,customer1428@example.co.za,0831402667,Polokwane,Limpopo,Small Business,2024-05-24
1429,Anele Mabena,customer1429@example.co.za,0795812480,Polokwane,Limpopo,Small Business,2024-02-27
1430,Amahle van Wyk,customer1430@example.co.za,0824766861,Johannesburg,Gauteng,Retail,2023-08-01
1431,Sipho Maseko,customer1431@example.co.za,0827048077,Bloemfontein,Free State,Retail,2022-03-30
1432,Anele van Wyk,customer1432@example.co.za,0769899988,Kimberley,Northern Cape,Corporate,2023-01-07
1433,Anele Smith,customer1433@example.co.za,0785815154,Polokwane,Limpopo,Corporate,2022-08-01
1434,Amahle Mabena,customer1434@example.co.za,0842281267,Gqeberha,Eastern Cape,Retail,2022-11-01
1435,Ayanda Dlamini,customer1435@example.co.za,0768494305,Pretoria,Gauteng,Wholesale,2022-05-18
1436,Jason Mthembu,customer1436@example.co.za,0832517449,Johannesburg,Gauteng,Corporate,2022-09-19
1437,Chantelle Mabena,customer1437@example.co.za,0849291408,Pretoria,Gauteng,Wholesale,2024-09-12
1438,Ayanda Dlamini,customer1438@example.co.za,0715125653,Polokwane,Limpopo,Wholesale,2024-05-07
1439,Amahle Mahlangu,customer1439@example.co.za,0789996153,Mbombela,Mpumalanga,Small Business,2024-02-27
1440,Jason Botha,customer1440@example.co.za,0792463815,Johannesburg,Gauteng,Small Business,2024-01-11
1441,Zanele Mokoena,customer1441@example.co.za,0848951164,Cape Town,Western Cape,Small Business,2022-08-14
1442,Bongani Mabena,customer1442@example.co.za,0713337892,Cape Town,Western Cape,Corporate,2024-07-31
1443,Jason Botha,customer1443@example.co.za,0834767947,Pretoria,Gauteng,Retail,2022-10-10
1444,Anele Adams,customer1444@example.co.za,0791442027,Johannesburg,Gauteng,Wholesale,2024-02-01
1445,Naledi Naidoo,customer1445@example.co.za,0763653705,Cape Town,Western Cape,Retail,2022-10-28
1446,Anele Naidoo,customer1446@example.co.za,0832292941,Bloemfontein,Free State,Retail,2025-03-11
1447,Anele van Wyk,customer1447@example.co.za,0763350695,Polokwane,Limpopo,Corporate,2024-08-20
1448,Ayanda Nkosi,customer1448@example.co.za,0711221617,Polokwane,Limpopo,Corporate,2022-08-16
1449,Lerato Ndlovu,customer1449@example.co.za,0783912192,Pretoria,Gauteng,Small Business,2022-01-23
1450,Jason Nkosi,customer1450@example.co.za,0785329433,Polokwane,Limpopo,Corporate,2023-04-11
1451,Mpho Mthembu,customer1451@example.co.za,0829749335,Polokwane,Limpopo,Wholesale,2022-09-14
1452,Chantelle Ndlovu,customer1452@example.co.za,0837581550,Durban,KwaZulu-Natal,Small Business,2025-02-19
1453,Sipho Nkosi,customer1453@example.co.za,0766254450,Kimberley,Northern Cape,Wholesale,2024-02-19
1454,Lerato Mabena,customer1454@example.co.za,0798117262,Pretoria,Gauteng,Small Business,2023-07-07
1455,Naledi Naidoo,customer1455@example.co.za,0846628280,Johannesburg,Gauteng,Retail,2023-05-06
1456,Mpho Jacobs,customer1456@example.co.za,0824555258,Gqeberha,Eastern Cape,Retail,2023-09-26
1457,Zanele Ndlovu,customer1457@example.co.za,0835515889,Durban,KwaZulu-Natal,Retail,2025-03-13
1458,Lerato Mahlangu,customer1458@example.co.za,0821806126,Kimberley,Northern Cape,Corporate,2022-07-10
1459,Thabo Mabena,customer1459@example.co.za,0715737922,Gqeberha,Eastern Cape,Wholesale,2024-10-21
1460,Ayanda Adams,customer1460@example.co.za,0796969959,Durban,KwaZulu-Natal,Small Business,2022-07-19
1461,Jason Jacobs,customer1461@example.co.za,0783519714,Bloemfontein,Free State,Retail,2024-02-22
1462,Lerato Smith,customer1462@example.co.za,0833542382,East London,Eastern Cape,Wholesale,2022-06-11
1463,Sibusiso Pillay,customer1463@example.co.za,0713363282,Johannesburg,Gauteng,Small Business,2024-10-24
1464,Ayanda Nkosi,customer1464@example.co.za,0713201130,Mbombela,Mpumalanga,Corporate,2023-08-19
1465,Jason Ndlovu,customer1465@example.co.za,0797503423,Bloemfontein,Free State,Small Business,2023-03-04
1466,Sipho Dlamini,customer1466@example.co.za,0789347047,Kimberley,Northern Cape,Retail,2022-01-31
1467,Kagiso Naidoo,customer1467@example.co.za,0762578970,Pretoria,Gauteng,Wholesale,2023-10-05
1468,Kagiso van Wyk,customer1468@example.co.za,0825699588,Pretoria,Gauteng,Corporate,2023-12-25
1469,Sipho van Wyk,customer1469@example.co.za,0798729953,Johannesburg,Gauteng,Corporate,2024-08-27
1470,Liam Dlamini,customer1470@example.co.za,0829191626,Gqeberha,Eastern Cape,Retail,2024-01-15
1471,Chantelle Daniels,customer1471@example.co.za,0713163996,Gqeberha,Eastern Cape,Wholesale,2024-01-22
1472,Ayanda Mabena,customer1472@example.co.za,0827932248,Mbombela,Mpumalanga,Wholesale,2023-06-23
1473,Lerato Botha,customer1473@example.co.za,0791133260,Cape Town,Western Cape,Small Business,2022-08-04
1474,Chantelle van Wyk,customer1474@example.co.za,0787698813,Gqeberha,Eastern Cape,Retail,2023-04-02
1475,Liam Naidoo, customer1475@example.co.za,0848816129,Polokwane,Limpopo,Wholesale,2024-12-31
1476,Naledi Naidoo,customer1476@example.co.za,0832817783,East London,Eastern Cape,Wholesale,2024-06-06
1477,Chantelle Maseko,customer1477@example.co.za,0826323156,Durban,KwaZulu-Natal,Corporate,2024-09-22
1478,Amahle Jacobs,customer1478@example.co.za,0848626564,Durban,KwaZulu-Natal,Retail,2025-01-21
1479,Amahle Dlamini,customer1479@example.co.za,0794581434,Pretoria,Gauteng,Corporate,2025-03-09
1480,Chantelle Ndlovu,customer1480@example.co.za,0717064842,Cape Town,Western Cape,Wholesale,2024-08-27
1481,Lerato Pillay,customer1481@example.co.za,0711384915,Durban,KwaZulu-Natal,Wholesale,2023-07-07
1482,Mpho Naidoo,customer1482@example.co.za,0832161974,Gqeberha,Eastern Cape,Corporate,2024-04-09
1483,Kagiso Nkosi,customer1483@example.co.za,0718041764,Johannesburg,Gauteng,Small Business,2023-06-16
1484,Lerato Naidoo,customer1484@example.co.za,0766738129,Pretoria,Gauteng,Corporate,2022-12-03
1485,Bongani Daniels,customer1485@example.co.za,0768977556,Durban,KwaZulu-Natal,Small Business,2024-06-13
1486,Chantelle Mokoena,customer1486@example.co.za,0784331283,Bloemfontein,Free State,Retail,2025-03-30
1487,Anele Maseko,customer1487@example.co.za,0796310245,Kimberley,Northern Cape,Retail,2022-11-05
1488,Anele Mahlangu,customer1488@example.co.za,0716308442,East London,Eastern Cape,Retail,2024-04-12
1489,Thabo Nkosi,customer1489@example.co.za,0713109184,Gqeberha,Eastern Cape,Wholesale,2025-03-30
1490,Lerato Pillay,customer1490@example.co.za,0794148361,Johannesburg,Gauteng,Wholesale,2025-01-23
1491,Chantelle Pillay,customer1491@example.co.za,0844519240,Pretoria,Gauteng,Small Business,2025-03-27
1492,Bongani Mabena,customer1492@example.co.za,0826065787,Cape Town,Western Cape,Corporate,2024-10-25
1493,Amahle Nkosi,customer1493@example.co.za,0767885148,Johannesburg,Gauteng,Corporate,2023-12-23
1494,Jason Maseko,customer1494@example.co.za,0823949666,Mbombela,Mpumalanga,Wholesale,2024-05-27
1495,Mpho van Wyk,customer1495@example.co.za,0788312788,Bloemfontein,Free State,Wholesale,2023-08-07
1496,Kagiso Jacobs,customer1496@example.co.za,0822741677,Polokwane,Limpopo,Retail,2022-02-03
1497,Jason Jacobs,customer1497@example.co.za,0762672723,Kimberley,Northern Cape,Wholesale,2024-10-27
1498,Lerato Smith,customer1498@example.co.za,0718057182,Kimberley,Northern Cape,Small Business,2023-04-02
1499,Chantelle Jacobs,customer1499@example.co.za,0838878148,East London,Eastern Cape,Retail,2023-12-20
1500,Jason Adams,customer1500@example.co.za,0827285479,East London,Eastern Cape,Small Business,2024-11-05
1501,Nomsa Mthembu,customer1501@example.co.za,0847957788,Gqeberha,Eastern Cape,Small Business,2022-01-09
1502,Lerato Mokoena,customer1502@example.co.za,0823573211,Polokwane,Limpopo,Corporate,2024-11-28
1503,Ayanda Maseko,customer1503@example.co.za,0838214533,Kimberley,Northern Cape,Small Business,2025-02-12
1504,Zanele Adams,customer1504@example.co.za,0711865385,Polokwane,Limpopo,Wholesale,2022-09-21
1505,Mpho Adams,customer1505@example.co.za,0849678469,Polokwane,Limpopo,Small Business,2024-06-14
1506,Naledi Dlamini,customer1506@example.co.za,0782985964,Durban,KwaZulu-Natal,Wholesale,2023-06-17
1507,Mpho Maseko,customer1507@example.co.za,0832564549,Mbombela,Mpumalanga,Retail,2022-02-22
1508,Thabo Dlamini,customer1508@example.co.za,0822321583,Polokwane,Limpopo,Wholesale,2022-02-21
1509,Liam Mabena,customer1509@example.co.za,0835021865,Pretoria,Gauteng,Small Business,2023-09-01
1510,Sibusiso Adams,customer1510@example.co.za,0715370124,Durban,KwaZulu-Natal,Retail,2023-07-18
1511,Anele Mokoena,customer1511@example.co.za,0792735086,Johannesburg,Gauteng,Retail,2024-07-29
1512,Naledi Jacobs,customer1512@example.co.za,0835738943,Kimberley,Northern Cape,Corporate,2023-01-05
1513,Sipho Mahlangu,customer1513@example.co.za,0717063240,Johannesburg,Gauteng,Small Business,2024-03-11
1514,Amahle Mokoena,customer1514@example.co.za,0762234399,Johannesburg,Gauteng,Wholesale,2022-06-06
1515,Jason Adams,customer1515@example.co.za,0848564486,Durban,KwaZulu-Natal,Small Business,2023-01-04
1516,Thabo van Wyk,customer1516@example.co.za,0791527651,Gqeberha,Eastern Cape,Retail,2023-12-04
1517,Amahle Mokoena,customer1517@example.co.za,0839753488,Bloemfontein,Free State,Corporate,2022-09-07
1518,Thabo Mokoena,customer1518@example.co.za,0789585651,Durban,KwaZulu-Natal,Small Business,2023-03-19
1519,Naledi Pillay,customer1519@example.co.za,0826495204,Bloemfontein,Free State,Small Business,2023-03-27
1520,Anele Mthembu,customer1520@example.co.za,0849079485,Johannesburg,Gauteng,Small Business,2022-07-08
1521,Kagiso Nkosi,customer1521@example.co.za,0799318172,Bloemfontein,Free State,Wholesale,2024-11-15
1522,Zanele Mthembu,customer1522@example.co.za,0834319815,Polokwane,Limpopo,Corporate,2024-03-15
1523,Kagiso van Wyk,customer1523@example.co.za,0714453284,Johannesburg,Gauteng,Wholesale,2024-06-06
1524,Jason Mthembu,customer1524@example.co.za,0716347715,East London,Eastern Cape,Retail,2024-02-24
1525,Zanele Mabena,customer1525@example.co.za,0842078208,Polokwane,Limpopo,Wholesale,2022-12-09
1526,Nomsa Daniels,customer1526@example.co.za,0849900282,Cape Town,Western Cape,Corporate,2024-03-26
1527,Naledi van Wyk,customer1527@example.co.za,0716413691,Cape Town,Western Cape,Wholesale,2023-01-16
1528,Sibusiso Naidoo,customer1528@example.co.za,0837235425,Bloemfontein,Free State,Corporate,2022-10-25
1529,Naledi Mokoena,customer1529@example.co.za,0841182888,Bloemfontein,Free State,Corporate,2023-03-14
1530,Ayanda Botha,customer1530@example.co.za,782111241,East London,Eastern Cape,Wholesale,2023-08-04
1531,Zanele Pillay,customer1531@example.co.za,0825664879,Kimberley,Northern Cape,Retail,2025-03-21
1532,Jason Maseko,customer1532@example.co.za,0716370746,Polokwane,Limpopo,Small Business,2023-02-08
1533,Amahle Mahlangu,customer1533@example.co.za,825603927,Cape Town,Western Cape,Wholesale,2022-09-02
1534,Liam van Wyk, customer1534@example.co.za,0786484048,Johannesburg,Gauteng,Wholesale,2023-04-30
1535,Thabo Smith,customer1535@example.co.za,0821077963,Kimberley,Northern Cape,Wholesale,2023-08-06
1536,Chantelle Ndlovu,customer1536@example.co.za,0789850211,Pretoria,Gauteng,Retail,2023-11-22
1537,Sipho Mahlangu,customer1537@example.co.za,0827963867,Cape Town,Western Cape,Corporate,2023-07-17
1538,Bongani Adams,customer1538@example.co.za,0826254198,Bloemfontein,Free State,Wholesale,2022-04-07
1539,Kagiso Nkosi,customer1539@example.co.za,0763036971,Polokwane,Limpopo,Corporate,2022-07-30
1540,Sibusiso Ndlovu,customer1540@example.co.za,0711174416,Cape Town,Western Cape,Small Business,2022-08-04
1541,Jason Botha,customer1541@example.co.za,0832476675,Bloemfontein,Free State,Small Business,2024-01-26
1542,Thabo Ndlovu,customer1542@example.co.za,0841722698,Mbombela,Mpumalanga,Retail,2022-04-09
1543,Sipho Mthembu,customer1543@example.co.za,0847367900,Gqeberha,Eastern Cape,Corporate,2022-12-15
1544,Liam Jacobs,customer1544@example.co.za,0836357513,Pretoria,Gauteng,Small Business,2025-04-11
1545,Liam Jacobs,customer1545@example.co.za,0789851473,Polokwane,Limpopo,Small Business,2025-03-29
1546,Amahle Mthembu,customer1546@example.co.za,0849098468,East London,Eastern Cape,Small Business,2022-07-08
1547,Kagiso Naidoo,customer1547@example.co.za,0845066398,Gqeberha,Eastern Cape,Small Business,2022-06-09
1548,Amahle Ndlovu,customer1548@example.co.za,0831220253,Johannesburg,Gauteng,Small Business,2024-08-16
1549,Zanele Mahlangu,customer1549@example.co.za,0826711805,Polokwane,Limpopo,Small Business,2024-12-16
1550,Ayanda Smith,customer1550@example.co.za,0798617224,Mbombela,Mpumalanga,Small Business,2024-10-30
1551,Anele Botha,customer1551@example.co.za,0847468887,Johannesburg,Gauteng,Wholesale,2024-11-17
1552,Chantelle Pillay,customer1552@example.co.za,0825661355,Durban,KwaZulu-Natal,Wholesale,2022-12-03
1553,Naledi Dlamini,customer1553@example.co.za,0762798071,Gqeberha,Eastern Cape,Retail,2023-05-08
1554,Liam van Wyk,customer1554@example.co.za,0841479597,Cape Town,Western Cape,Wholesale,2024-12-23
1555,Bongani Mthembu,customer1555@example.co.za,0822410406,East London,Eastern Cape,Corporate,2024-06-02
1556,Anele Adams,customer1556@example.co.za,0788228437,Durban,KwaZulu-Natal,Corporate,2022-04-19
1557,Nomsa Mabena,customer1557@example.co.za,0821824338,East London,Eastern Cape,Wholesale,2024-05-15
1558,Kagiso Pillay,customer1558@example.co.za,0763963613,Durban,KwaZulu-Natal,Corporate,2024-12-20
1559,Amahle Daniels,customer1559@example.co.za,0821836704,Kimberley,Northern Cape,Small Business,2022-08-16
1560,Naledi Ndlovu,customer1560@example.co.za,0825465729,Durban,KwaZulu-Natal,Small Business,2022-05-15
1561,Naledi Mthembu,customer1561@example.co.za,0837787380,Mbombela,Mpumalanga,Wholesale,2024-03-15
1562,Sibusiso Mthembu,customer1562@example.co.za,0764451163,Johannesburg,Gauteng,Small Business,2023-02-21
1563,Kagiso Smith,customer1563@example.co.za,0791052124,Bloemfontein,Free State,Retail,2023-01-15
1564,Amahle Smith,customer1564@example.co.za,0715003370,Mbombela,Mpumalanga,Small Business,2023-10-08
1565,Mpho van Wyk,customer1565@example.co.za,0848637262,Johannesburg,Gauteng,Small Business,2022-01-27
1566,Jason Maseko,customer1566@example.co.za,0823978208,East London,Eastern Cape,Corporate,2022-06-07
1567,Thabo Mabena,customer1567@example.co.za,0761016885,Pretoria,Gauteng,Wholesale,2023-05-22
1568,Naledi Ndlovu,customer1568@example.co.za,711291769,East London,Eastern Cape,Corporate,2023-04-13
1569,Mpho Dlamini,customer1569@example.co.za,0712575550,Mbombela,Mpumalanga,Retail,2023-09-16
1570,Liam Mahlangu,customer1570@example.co.za,0796885129,Bloemfontein,Free State,Corporate,2024-09-23
1571,Bongani Nkosi, customer1571@example.co.za,0826916088,Gqeberha,Eastern Cape,Corporate,2023-11-15
1572,Amahle Jacobs,customer1572@example.co.za,0849712557,Mbombela,Mpumalanga,Retail,2022-10-30
1573,Sibusiso Dlamini,customer1573@example.co.za,0849352238,Polokwane,Limpopo,Retail,2023-05-16
1574,Jason Mabena,customer1574@example.co.za,0832497768,Kimberley,Northern Cape,Small Business,2024-02-13
1575,Nomsa Nkosi,customer1575@example.co.za,0783935211,Johannesburg,Gauteng,Corporate,2023-12-16
1576,Chantelle Daniels,customer1576@example.co.za,0846189583,Bloemfontein,Free State,Small Business,2022-03-26
1577,Ayanda Jacobs,customer1577@example.co.za,0768634097,Kimberley,Northern Cape,Corporate,2023-08-14
1578,Thabo Mahlangu,customer1578@example.co.za,0793468450,Johannesburg,Gauteng,Wholesale,2022-11-04
1579,Kagiso van Wyk,customer1579@example.co.za,0849167564,Mbombela,Mpumalanga,Corporate,2022-05-13
1580,Thabo Nkosi,customer1580@example.co.za,0824646113,Gqeberha,Eastern Cape,Corporate,2022-09-10
1581,Amahle Smith,customer1581@example.co.za,0828219619,Cape Town,Western Cape,Corporate,2022-01-02
1582,Nomsa Dlamini,customer1582@example.co.za,0845752407,Cape Town,Western Cape,Small Business,2022-06-26
1583,Anele Pillay,customer1583@example.co.za,0762354222,Gqeberha,Eastern Cape,Corporate,2023-03-25
1584,Amahle Mabena,customer1584@example.co.za,0837480045,Cape Town,Western Cape,Wholesale,2024-03-28
1585,Nomsa Smith,customer1585@example.co.za,0786213281,Johannesburg,Gauteng,Small Business,2025-02-28
1586,Ayanda Dlamini,customer1586@example.co.za,0794347166,Polokwane,Limpopo,Corporate,2022-10-05
1587,Zanele Smith,customer1587@example.co.za,0842436094,Polokwane,Limpopo,Corporate,2025-03-06
1588,Mpho Adams,customer1588@example.co.za,0718329845,East London,Eastern Cape,Retail,2022-10-11
1589,Liam Maseko,customer1589@example.co.za,0786998844,Mbombela,Mpumalanga,Wholesale,2023-12-27
1590,Liam Daniels,customer1590@example.co.za,0768739061,Polokwane,Limpopo,Retail,2025-02-18
1591,Jason Naidoo,customer1591@example.co.za,0713358634,Cape Town,Western Cape,Corporate,2023-05-12
1592,Bongani Dlamini,customer1592@example.co.za,0785921482,Kimberley,Northern Cape,Retail,2024-03-15
1593,Chantelle Mokoena,customer1593@example.co.za,769690736,Pretoria,Gauteng,Wholesale,2022-04-22
1594,Lerato Mthembu,customer1594@example.co.za,0712795982,Johannesburg,Gauteng,Corporate,2022-07-19
1595,Amahle Maseko,customer1595@example.co.za,0712021141,Gqeberha,Eastern Cape,Retail,2025-04-12
1596,Lerato Pillay,customer1596@example.co.za,0783418467,Mbombela,Mpumalanga,Wholesale,2022-10-07
1597,Anele Smith,customer1597@example.co.za,0796215882,Durban,KwaZulu-Natal,Retail,2024-09-20
1598,Zanele Jacobs,customer1598@example.co.za,0821000599,Kimberley,Northern Cape,Small Business,2022-09-05
1599,Naledi Botha,customer1599@example.co.za,0832738237,Mbombela,Mpumalanga,Wholesale,2022-02-20
1600,Liam Adams,customer1600@example.co.za,0823043656,Mbombela,Mpumalanga,Corporate,2024-04-08
1601,Mpho Botha,customer1601@example.co.za,0715366631,East London,Eastern Cape,Wholesale,2022-09-10
1602,Anele Mokoena,customer1602@example.co.za,0833377099,Polokwane,Limpopo,Small Business,2022-12-16
1603,Zanele Mahlangu,customer1603@example.co.za,0765865999,Mbombela,Mpumalanga,Corporate,2022-07-24
1604,Amahle Mabena,customer1604@example.co.za,0795616776,Kimberley,Northern Cape,Wholesale,2024-03-01
1605,Liam Daniels,customer1605@example.co.za,0718127514,Johannesburg,Gauteng,Small Business,2022-02-27
1606,Liam Jacobs,customer1606@example.co.za,0787533541,Gqeberha,Eastern Cape,Retail,2025-04-03
1607,Lerato Nkosi,customer1607@example.co.za,0826951329,Gqeberha,Eastern Cape,Small Business,2024-08-16
1608,Nomsa Mokoena,customer1608@example.co.za,0837002009,East London,Eastern Cape,Small Business,2023-12-16
1609,Chantelle Naidoo,customer1609@example.co.za,0833540116,Mbombela,Mpumalanga,Corporate,2025-02-27
1610,Liam Dlamini,customer1610@example.co.za,0846082320,Bloemfontein,Free State,Wholesale,2022-05-20
1611,Chantelle Mahlangu,customer1611@example.co.za,0784026182,East London,Eastern Cape,Corporate,2022-09-23
1612,Bongani Adams,customer1612@example.co.za,0821753785,Bloemfontein,Free State,Retail,2022-11-22
1613,Naledi Jacobs,customer1613@example.co.za,0768992883,Durban,KwaZulu-Natal,Corporate,2023-04-20
1614,Naledi van Wyk,customer1614@example.co.za,0797443851,Durban,KwaZulu-Natal,Wholesale,2022-05-12
1615,Nomsa Jacobs,customer1615@example.co.za,0822222751,Cape Town,Western Cape,Wholesale,2024-02-06
1616,Thabo van Wyk,customer1616@example.co.za,0842806251,Kimberley,Northern Cape,Wholesale,2024-02-13
1617,Zanele Pillay,customer1617@example.co.za,0849239341,Pretoria,Gauteng,Wholesale,2023-08-09
1618,Zanele van Wyk,customer1618@example.co.za,0769867252,Durban,KwaZulu-Natal,Small Business,2022-06-26
1619,Thabo Jacobs,customer1619@example.co.za,0831557661,Kimberley,Northern Cape,Small Business,2022-01-11
1620,Jason Naidoo,customer1620@example.co.za,0844108891,Bloemfontein,Free State,Wholesale,2023-01-25
1621,Amahle Mabena,customer1621@example.co.za,0843313134,Durban,KwaZulu-Natal,Retail,2024-06-17
1622,Chantelle Naidoo,customer1622@example.co.za,0782311035,Polokwane,Limpopo,Small Business,2024-11-25
1623,Naledi Jacobs,customer1623@example.co.za,0764868381,Gqeberha,Eastern Cape,Retail,2025-01-12
1624,Thabo Botha,customer1624@example.co.za,0715863655,Bloemfontein,Free State,Corporate,2024-03-10
1625,Sipho van Wyk,customer1625@example.co.za,0842254551,Bloemfontein,Free State,Small Business,2024-11-26
1626,Kagiso Adams,customer1626@example.co.za,0781950399,Kimberley,Northern Cape,Retail,2025-04-08
1627,Nomsa Mokoena,customer1627@example.co.za,0826671458,East London,Eastern Cape,Wholesale,2023-06-19
1628,Ayanda Ndlovu,customer1628@example.co.za,0834426466,Durban,KwaZulu-Natal,Corporate,2022-05-08
1629,Amahle Naidoo,customer1629@example.co.za,0711593277,Durban,KwaZulu-Natal,Corporate,2022-05-25
1630,Sipho Mahlangu,customer1630@example.co.za,0835538377,Polokwane,Limpopo,Retail,2022-08-02
1631,Amahle Botha,customer1631@example.co.za,0796876348,Cape Town,Western Cape,Wholesale,2024-09-05
1632,Sibusiso Mokoena,customer1632@example.co.za,0821442143,Gqeberha,Eastern Cape,Small Business,2024-12-30
1633,Chantelle Mokoena,customer1633@example.co.za,0789089526,Kimberley,Northern Cape,Retail,2024-03-03
1634,Anele Daniels,customer1634@example.co.za,0798161079,Polokwane,Limpopo,Small Business,2022-08-25
1635,Naledi Mabena,customer1635@example.co.za,0844248834,East London,Eastern Cape,Corporate,2024-06-13
1636,Sibusiso Botha,customer1636@example.co.za,0821168605,Cape Town,Western Cape,Small Business,2024-04-25
1637,Lerato Mokoena,customer1637@example.co.za,0715193002,Mbombela,Mpumalanga,Retail,2022-06-06
1638,Anele Nkosi,customer1638@example.co.za,0835741173,Cape Town,Western Cape,Retail,2023-10-06
1639,Sibusiso Smith,customer1639@example.co.za,0837674289,Bloemfontein,Free State,Wholesale,2022-09-08
1640,Sipho Mthembu,customer1640@example.co.za,0784453773,Johannesburg,Gauteng,Wholesale,2024-01-02
1641,Liam Smith,customer1641@example.co.za,0845910412,Durban,KwaZulu-Natal,Small Business,2024-12-14
1642,Ayanda Jacobs,customer1642@example.co.za,0826815577,Gqeberha,Eastern Cape,Wholesale,2024-09-22
1643,Sipho Pillay,customer1643@example.co.za,0839740844,Gqeberha,Eastern Cape,Small Business,2023-09-17
1644,Zanele Jacobs,customer1644@example.co.za,0843381714,Mbombela,Mpumalanga,Retail,2023-04-27
1645,Liam Jacobs,customer1645@example.co.za,0829370278,East London,Eastern Cape,Retail,2023-07-08
1646,Chantelle Smith,customer1646@example.co.za,0712417562,Gqeberha,Eastern Cape,Retail,2023-07-26
1647,Chantelle Mahlangu,customer1647@example.co.za,0827418764,Kimberley,Northern Cape,Wholesale,2024-06-28
1648,Sibusiso Pillay,customer1648@example.co.za,0764094168,Cape Town,Western Cape,Wholesale,2024-12-26
1649,Kagiso Ndlovu,customer1649@example.co.za,0786835191,Cape Town,Western Cape,Retail,2023-11-20
1650,Zanele Mokoena,customer1650@example.co.za,0848282586,Gqeberha,Eastern Cape,Wholesale,2022-04-27
1651,Chantelle Smith,customer1651@example.co.za,0719971807,Johannesburg,Gauteng,Wholesale,2024-05-18
1652,Nomsa van Wyk,customer1652@example.co.za,0768840537,Kimberley,Northern Cape,Small Business,2022-09-28
1653,Nomsa Mthembu,customer1653@example.co.za,0825193173,Cape Town,Western Cape,Corporate,2023-11-23
1654,Chantelle Ndlovu,customer1654@example.co.za,0785601485,Kimberley,Northern Cape,Corporate,2023-07-05
1655,Thabo Jacobs,customer1655@example.co.za,0846385308,Gqeberha,Eastern Cape,Corporate,2023-01-02
1656,Liam Mokoena,customer1656@example.co.za,0761148825,East London,Eastern Cape,Wholesale,2022-03-17
1657,Amahle Pillay,customer1657@example.co.za,0761982890,Bloemfontein,Free State,Retail,2023-07-21
1658,Ayanda Naidoo,customer1658@example.co.za,0764016609,Kimberley,Northern Cape,Corporate,2023-07-20
1659,Amahle Dlamini,customer1659@example.co.za,0833927545,Gqeberha,Eastern Cape,Small Business,2022-04-12
1660,Naledi Ndlovu,customer1660@example.co.za,0839501337,Durban,KwaZulu-Natal,Wholesale,2025-04-02
1661,Lerato Botha,customer1661@example.co.za,0825346217,Bloemfontein,Free State,Corporate,2022-02-03
1662,Lerato Botha,customer1662@example.co.za,0842831459,Bloemfontein,Free State,Retail,2024-11-04
1663,Naledi Naidoo,customer1663@example.co.za,0834423255,East London,Eastern Cape,Corporate,2025-03-14
1664,Jason Naidoo,customer1664@example.co.za,798155068,Bloemfontein,Free State,Corporate,2022-10-21
1665,Ayanda Mabena,customer1665@example.co.za,0847847411,Cape Town,Western Cape,Corporate,2024-08-21
1666,Thabo van Wyk,customer1666@example.co.za,0841748441,Gqeberha,Eastern Cape,Corporate,2022-11-04
1667,Thabo Jacobs,customer1667@example.co.za,0784548039,Kimberley,Northern Cape,Corporate,2024-11-12
1668,Bongani Pillay,customer1668@example.co.za,761546929,Mbombela,Mpumalanga,Small Business,2024-02-20
1669,Sipho Botha,customer1669@example.co.za,0789447259,Johannesburg,Gauteng,Wholesale,2025-01-08
1670,Lerato Mahlangu,customer1670@example.co.za,0799798778,Johannesburg,Gauteng,Wholesale,2023-10-12
1671,Zanele Smith,customer1671@example.co.za,0836514410,Gqeberha,Eastern Cape,Small Business,2024-01-12
1672,Liam Maseko,customer1672@example.co.za,0792936374,Durban,KwaZulu-Natal,Small Business,2024-06-30
1673,Bongani Naidoo,customer1673@example.co.za,0849483289,Polokwane,Limpopo,Retail,2024-01-12
1674,Sibusiso Nkosi,customer1674@example.co.za,0718027140,East London,Eastern Cape,Small Business,2025-03-12
1675,Sibusiso Daniels,customer1675@example.co.za,0793317607,Pretoria,Gauteng,Corporate,2023-08-11
1676,Ayanda Jacobs,customer1676@example.co.za,0827853539,Bloemfontein,Free State,Wholesale,2024-10-31
1677,Amahle Pillay,customer1677@example.co.za,0838618016,Pretoria,Gauteng,Retail,2022-12-08
1678,Jason Mthembu,customer1678@example.co.za,0718882947,Johannesburg,Gauteng,Retail,2022-09-16
1679,Jason Mokoena,customer1679@example.co.za,0793800715,Cape Town,Western Cape,Retail,2022-09-29
1680,Chantelle Daniels,customer1680@example.co.za,0843138306,Mbombela,Mpumalanga,Wholesale,2025-02-14
1681,Kagiso Jacobs,customer1681@example.co.za,0846647890,Durban,KwaZulu-Natal,Retail,2022-04-03
1682,Bongani Nkosi,customer1682@example.co.za,0768545615,Johannesburg,Gauteng,Wholesale,2023-08-16
1683,Anele van Wyk,customer1683@example.co.za,0799545877,East London,Eastern Cape,Retail,2022-11-08
1684,Bongani Nkosi,customer1684@example.co.za,0766376038,Cape Town,Western Cape,Wholesale,2022-12-28
1685,Nomsa Jacobs,customer1685@example.co.za,0835988680,Mbombela,Mpumalanga,Wholesale,2023-11-30
1686,Jason Smith,customer1686@example.co.za,0847443587,Cape Town,Western Cape,Corporate,2023-01-01
1687,Lerato Pillay,customer1687@example.co.za,0769709639,Pretoria,Gauteng,Corporate,2025-03-23
1688,Ayanda Jacobs,customer1688@example.co.za,0845777999,Kimberley,Northern Cape,Small Business,2022-08-31
1689,Nomsa Mahlangu,customer1689@example.co.za,0764751945,Gqeberha,Eastern Cape,Small Business,2023-08-14
1690,Naledi Botha,customer1690@example.co.za,0795674614,Gqeberha,Eastern Cape,Small Business,2022-07-16
1691,Mpho Mokoena,customer1691@example.co.za,0781666811,Durban,KwaZulu-Natal,Small Business,2022-01-14
1692,Thabo Mabena,customer1692@example.co.za,0835728448,East London,Eastern Cape,Wholesale,2024-06-30
1693,Anele Nkosi,customer1693@example.co.za,0842839032,Mbombela,Mpumalanga,Retail,2024-06-29
1694,Amahle Mthembu,customer1694@example.co.za,0823295425,Polokwane,Limpopo,Corporate,2022-08-27
1695,Sipho Botha,customer1695@example.co.za,0792247391,Bloemfontein,Free State,Corporate,2022-11-17
1696,Ayanda Mthembu,customer1696@example.co.za,0769604096,Mbombela,Mpumalanga,Retail,2023-10-07
1697,Jason Jacobs,customer1697@example.co.za,0799745909,Cape Town,Western Cape,Corporate,2023-01-25
1698,Lerato Mokoena,customer1698@example.co.za,0833296375,Mbombela,Mpumalanga,Wholesale,2023-03-27
1699,Nomsa Mahlangu,customer1699@example.co.za,0839128681,Durban,KwaZulu-Natal,Small Business,2024-10-14
1700,Anele Pillay,customer1700@example.co.za,0792488335,Gqeberha,Eastern Cape,Small Business,2022-01-07
1701,Sipho Mahlangu,customer1701@example.co.za,0784498837,Polokwane,Limpopo,Small Business,2022-03-21
1702,Nomsa Adams,customer1702@example.co.za,0794937877,Polokwane,Limpopo,Corporate,2024-09-18
1703,Mpho Smith,customer1703@example.co.za,0714890524,Mbombela,Mpumalanga,Corporate,2024-09-20
1704,Chantelle Mabena,customer1704@example.co.za,0789069153,East London,Eastern Cape,Corporate,2022-07-17
1705,Naledi Smith,customer1705@example.co.za,0768502316,Durban,KwaZulu-Natal,Corporate,2023-05-22
1706,Naledi van Wyk,customer1706@example.co.za,766350354,Polokwane,Limpopo,Retail,2023-12-13
1707,Anele Mahlangu,customer1707@example.co.za,0719206984,Polokwane,Limpopo,Wholesale,2023-04-26
1708,Kagiso Mthembu,customer1708@example.co.za,0784608882,Cape Town,Western Cape,Wholesale,2022-05-05
1709,Ayanda Mthembu,customer1709@example.co.za,0796328751,Mbombela,Mpumalanga,Wholesale,2024-03-12
1710,Jason Adams,customer1710@example.co.za,0841916595,East London,Eastern Cape,Corporate,2024-09-21
1711,Ayanda Ndlovu,customer1711@example.co.za,0848510091,Durban,KwaZulu-Natal,Wholesale,2023-03-30
1712,Mpho Pillay,customer1712@example.co.za,0712850788,Kimberley,Northern Cape,Corporate,2022-09-22
1713,Thabo Mokoena,customer1713@example.co.za,0717361721,Kimberley,Northern Cape,Retail,2023-11-14
1714,Sipho Ndlovu,customer1714@example.co.za,0784530989,Bloemfontein,Free State,Corporate,2025-01-01
1715,Mpho Adams,customer1715@example.co.za,0714847593,Durban,KwaZulu-Natal,Corporate,2022-11-27
1716,Ayanda Daniels,customer1716@example.co.za,0835172556,Bloemfontein,Free State,Retail,2022-03-15
1717,Naledi Adams,customer1717@example.co.za,0719135271,Cape Town,Western Cape,Retail,2022-11-18
1718,Kagiso Mokoena,customer1718@example.co.za,0835149152,Gqeberha,Eastern Cape,Retail,2023-07-12
1719,Chantelle Adams,customer1719@example.co.za,0835529825,Johannesburg,Gauteng,Retail,2022-06-06
1720,Jason Mokoena,customer1720@example.co.za,0823547579,Johannesburg,Gauteng,Retail,2024-03-12
1721,Kagiso Maseko,customer1721@example.co.za,0769595901,Durban,KwaZulu-Natal,Retail,2023-09-11
1722,Liam Pillay,customer1722@example.co.za,0825433714,Gqeberha,Eastern Cape,Wholesale,2024-02-11
1723,Jason Naidoo,customer1723@example.co.za,0837817098,Gqeberha,Eastern Cape,Corporate,2024-09-16
1724,Sibusiso Adams,customer1724@example.co.za,0829338861,Gqeberha,Eastern Cape,Wholesale,2024-02-03
1725,Naledi Nkosi,customer1725@example.co.za,0831417616,Mbombela,Mpumalanga,Wholesale,2023-04-21
1726,Bongani Mahlangu,customer1726@example.co.za,0782827851,East London,Eastern Cape,Corporate,2023-11-12
1727,Sipho Jacobs,customer1727@example.co.za,0783839639,Pretoria,Gauteng,Small Business,2024-09-30
1728,Sibusiso Naidoo,customer1728@example.co.za,0837764490,Kimberley,Northern Cape,Wholesale,2024-12-07
1729,Sibusiso Ndlovu,customer1729@example.co.za,0719278176,Kimberley,Northern Cape,Corporate,2024-04-23
1730,Ayanda Dlamini,customer1730@example.co.za,0826392918,Gqeberha,Eastern Cape,Wholesale,2022-01-12
1731,Zanele Mahlangu,customer1731@example.co.za,0789385512,Gqeberha,Eastern Cape,Corporate,2023-04-28
1732,Liam Mahlangu,customer1732@example.co.za,0782366240,Bloemfontein,Free State,Retail,2024-05-21
1733,Chantelle Dlamini,customer1733@example.co.za,0711228581,Johannesburg,Gauteng,Small Business,2024-11-30
1734,Mpho Pillay,customer1734@example.co.za,0762906975,Johannesburg,Gauteng,Retail,2024-05-18
1735,Mpho Mahlangu,customer1735@example.co.za,0838015348,East London,Eastern Cape,Wholesale,2022-01-19
1736,Naledi Daniels,customer1736@example.co.za,0845548431,Gqeberha,Eastern Cape,Corporate,2024-02-01
1737,Mpho Dlamini,customer1737@example.co.za,0849778699,Kimberley,Northern Cape,Small Business,2024-01-31
1738,Nomsa Mahlangu,customer1738@example.co.za,0764533569,Mbombela,Mpumalanga,Corporate,2022-10-05
1739,Amahle Mokoena,customer1739@example.co.za,0847984404,Pretoria,Gauteng,Small Business,2022-11-04
1740,Sipho Mokoena,customer1740@example.co.za,0844148654,East London,Eastern Cape,Small Business,2022-07-12
1741,Liam Maseko,customer1741@example.co.za,0822025218,Mbombela,Mpumalanga,Wholesale,2022-11-17
1742,Bongani Botha,customer1742@example.co.za,0841237053,Johannesburg,Gauteng,Small Business,2023-07-17
1743,Jason Smith,customer1743@example.co.za,0847765720,Gqeberha,Eastern Cape,Corporate,2025-02-23
1744,Zanele Naidoo,customer1744@example.co.za,0783557213,Mbombela,Mpumalanga,Retail,2023-03-20
1745,Mpho Mthembu,customer1745@example.co.za,0782716680,Gqeberha,Eastern Cape,Small Business,2024-12-05
1746,Chantelle Maseko,customer1746@example.co.za,0785651273,Kimberley,Northern Cape,Wholesale,2023-03-05
1747,Thabo Botha,customer1747@example.co.za,0832532401,Pretoria,Gauteng,Small Business,2022-10-21
1748,Amahle Mokoena,customer1748@example.co.za,0842305056,Pretoria,Gauteng,Retail,2022-10-08
1749,Liam Daniels,customer1749@example.co.za,0798913629,Mbombela,Mpumalanga,Corporate,2023-09-12
1750,Naledi Botha,customer1750@example.co.za,0787597584,Mbombela,Mpumalanga,Wholesale,2024-02-29
1751,Bongani Smith,customer1751@example.co.za,0719757466,East London,Eastern Cape,Corporate,2024-12-22
1752,Zanele van Wyk,customer1752@example.co.za,0795659649,Johannesburg,Gauteng,Small Business,2024-06-14
1753,Liam Mahlangu,customer1753@example.co.za,0795203347,Mbombela,Mpumalanga,Retail,2025-02-16
1754,Bongani van Wyk,customer1754@example.co.za,0827135212,Polokwane,Limpopo,Wholesale,2023-12-10
1755,Zanele Pillay,customer1755@example.co.za,0767278132,Polokwane,Limpopo,Small Business,2022-01-22
1756,Liam Mabena,customer1756@example.co.za,0784269688,Durban,KwaZulu-Natal,Retail,2025-04-15
1757,Ayanda Jacobs,customer1757@example.co.za,0845257391,Gqeberha,Eastern Cape,Retail,2023-07-14
1758,Nomsa Mahlangu,customer1758@example.co.za,0761736811,Cape Town,Western Cape,Corporate,2023-07-16
1759,Thabo Mahlangu,customer1759@example.co.za,0788624921,Cape Town,Western Cape,Wholesale,2022-12-22
1760,Naledi Ndlovu,customer1760@example.co.za,0841483804,East London,Eastern Cape,Small Business,2022-12-29
1761,Sipho Daniels,customer1761@example.co.za,0713003648,Pretoria,Gauteng,Retail,2024-06-27
1762,Ayanda Jacobs,customer1762@example.co.za,0715655311,Cape Town,Western Cape,Small Business,2022-02-04
1763,Ayanda van Wyk,customer1763@example.co.za,0787144765,Bloemfontein,Free State,Retail,2024-04-05
1764,Lerato Naidoo,customer1764@example.co.za,0839414204,Polokwane,Limpopo,Small Business,2023-07-01
1765,Mpho Nkosi,customer1765@example.co.za,0825622550,Johannesburg,Gauteng,Small Business,2024-11-01
1766,Mpho Mokoena,customer1766@example.co.za,0845592983,Polokwane,Limpopo,Corporate,2022-08-30
1767,Liam Naidoo,customer1767@example.co.za,0788767941,Bloemfontein,Free State,Retail,2022-08-27
1768,Mpho Naidoo,customer1768@example.co.za,0836326787,Johannesburg,Gauteng,Retail,2022-12-13
1769,Zanele Mabena,customer1769@example.co.za,0762363567,Cape Town,Western Cape,Small Business,2023-09-23
1770,Anele Smith,customer1770@example.co.za,0827363773,Durban,KwaZulu-Natal,Corporate,2022-12-31
1771,Anele Maseko,customer1771@example.co.za,0764790986,Gqeberha,Eastern Cape,Small Business,2023-07-13
1772,Mpho Smith,customer1772@example.co.za,0848375236,Durban,KwaZulu-Natal,Corporate,2022-07-09
1773,Bongani Mabena,customer1773@example.co.za,0849775200,East London,Eastern Cape,Wholesale,2022-12-16
1774,Chantelle Dlamini,customer1774@example.co.za,0784534335,Cape Town,Western Cape,Wholesale,2023-12-12
1775,Zanele Maseko,customer1775@example.co.za,0799451778,Gqeberha,Eastern Cape,Corporate,2022-07-05
1776,Zanele Mthembu,customer1776@example.co.za,0838846505,Mbombela,Mpumalanga,Corporate,2022-03-06
1777,Mpho Mahlangu,customer1777@example.co.za,0838839101,Johannesburg,Gauteng,Corporate,2024-02-02
1778,Chantelle Ndlovu,customer1778@example.co.za,0842755114,Kimberley,Northern Cape,Corporate,2022-01-17
1779,Jason Mahlangu,customer1779@example.co.za,0846648416,Pretoria,Gauteng,Retail,2023-01-19
1780,Kagiso van Wyk,customer1780@example.co.za,0764123258,Bloemfontein,Free State,Retail,2024-06-18
1781,Liam Daniels,customer1781@example.co.za,0797699704,Kimberley,Northern Cape,Wholesale,2023-05-14
1782,Bongani Maseko,customer1782@example.co.za,0767730232,Gqeberha,Eastern Cape,Corporate,2022-03-24
1783,Naledi Daniels,customer1783@example.co.za,0765519127,Durban,KwaZulu-Natal,Wholesale,2022-02-28
1784,Mpho Smith,customer1784@example.co.za,0789792694,Pretoria,Gauteng,Small Business,2025-03-09
1785,Anele Maseko,customer1785@example.co.za,0711902615,Pretoria,Gauteng,Retail,2023-09-26
1786,Bongani Nkosi,customer1786@example.co.za,0763773979,Pretoria,Gauteng,Wholesale,2022-01-02
1787,Zanele van Wyk,customer1787@example.co.za,0846159442,Pretoria,Gauteng,Retail,2023-01-14
1788,Zanele Daniels,customer1788@example.co.za,0825105930,Durban,KwaZulu-Natal,Small Business,2025-02-11
1789,Thabo Mahlangu,customer1789@example.co.za,0836783305,Bloemfontein,Free State,Retail,2024-08-22
1790,Chantelle Pillay,customer1790@example.co.za,0767313125,Mbombela,Mpumalanga,Wholesale,2023-05-13
1791,Chantelle Dlamini,customer1791@example.co.za,0843240199,Johannesburg,Gauteng,Wholesale,2023-11-01
1792,Jason Adams,customer1792@example.co.za,0782202201,Gqeberha,Eastern Cape,Corporate,2024-09-27
1793,Thabo Botha,customer1793@example.co.za,0783989029,Kimberley,Northern Cape,Small Business,2024-01-26
1794,Ayanda Mokoena,customer1794@example.co.za,0787680364,Bloemfontein,Free State,Retail,2023-04-17
1795,Amahle Pillay,customer1795@example.co.za,0824543890,Pretoria,Gauteng,Corporate,2024-06-10
1796,Ayanda Adams,customer1796@example.co.za,0794017812,Johannesburg,Gauteng,Wholesale,2022-11-05
1797,Kagiso Adams,customer1797@example.co.za,0799064003,Gqeberha,Eastern Cape,Retail,2023-06-19
1798,Mpho van Wyk,customer1798@example.co.za,0769679668,Polokwane,Limpopo,Retail,2024-08-10
1799,Bongani Jacobs,customer1799@example.co.za,0797785940,Johannesburg,Gauteng,Retail,2022-11-26
1800,Anele Adams,customer1800@example.co.za,0798628467,Bloemfontein,Free State,Retail,2024-09-22
1801,Jason Ndlovu,customer1801@example.co.za,0848130001,Polokwane,Limpopo,Corporate,2022-08-26
1802,Liam Mabena,customer1802@example.co.za,0718944805,Kimberley,Northern Cape,Corporate,2024-12-31
1803,Naledi van Wyk,customer1803@example.co.za,0769920640,Bloemfontein,Free State,Wholesale,2022-06-13
1804,Thabo Maseko,customer1804@example.co.za,0795325779,Pretoria,Gauteng,Small Business,2024-11-20
1805,Liam Daniels,customer1805@example.co.za,0828797432,Kimberley,Northern Cape,Corporate,2022-03-23
1806,Amahle Nkosi,customer1806@example.co.za,0841840094,Johannesburg,Gauteng,Corporate,2023-06-01
1807,Ayanda Smith,customer1807@example.co.za,0711394773,Polokwane,Limpopo,Corporate,2023-01-02
1808,Bongani Daniels,customer1808@example.co.za,0828495559,Gqeberha,Eastern Cape,Corporate,2023-09-02
1809,Naledi Mabena,customer1809@example.co.za,0791614253,Cape Town,Western Cape,Wholesale,2023-05-25
1810,Sipho Jacobs,customer1810@example.co.za,0833426728,Pretoria,Gauteng,Wholesale,2024-06-01
1811,Bongani Nkosi,customer1811@example.co.za,0795095330,Gqeberha,Eastern Cape,Wholesale,2022-03-25
1812,Ayanda Mabena,customer1812@example.co.za,0823462063,Johannesburg,Gauteng,Retail,2024-02-22
1813,Sipho Maseko,customer1813@example.co.za,0796066483,Mbombela,Mpumalanga,Wholesale,2024-03-31
1814,Mpho Mthembu,customer1814@example.co.za,0792330152,Cape Town,Western Cape,Wholesale,2022-08-27
1815,Nomsa Smith,customer1815@example.co.za,0789624152,Durban,KwaZulu-Natal,Small Business,2022-04-11
1816,Amahle Pillay,customer1816@example.co.za,0718330731,Bloemfontein,Free State,Corporate,2023-01-16
1817,Lerato Adams,customer1817@example.co.za,0835780038,Gqeberha,Eastern Cape,Corporate,2022-01-11
1818,Zanele Mokoena,customer1818@example.co.za,0717951217,Polokwane,Limpopo,Small Business,2023-07-17
1819,Liam Maseko,customer1819@example.co.za,0824713195,Gqeberha,Eastern Cape,Small Business,2022-02-07
1820,Sibusiso Naidoo,customer1820@example.co.za,0785829008,Bloemfontein,Free State,Wholesale,2024-05-11
1821,Ayanda Adams,customer1821@example.co.za,0761210843,Kimberley,Northern Cape,Corporate,2023-11-29
1822,Bongani Nkosi,customer1822@example.co.za,0838750193,Bloemfontein,Free State,Wholesale,2023-03-08
1823,Mpho Adams,customer1823@example.co.za,0847760181,Mbombela,Mpumalanga,Retail,2025-03-16
1824,Amahle Mabena,customer1824@example.co.za,0824482131,Johannesburg,Gauteng,Corporate,2023-09-15
1825,Ayanda Nkosi,customer1825@example.co.za,0798841337,Gqeberha,Eastern Cape,Retail,2022-11-16
1826,Mpho Mabena,customer1826@example.co.za,0788239885,Kimberley,Northern Cape,Wholesale,2022-02-17
1827,Amahle Botha,customer1827@example.co.za,0763209515,Gqeberha,Eastern Cape,Wholesale,2022-09-10
1828,Chantelle Pillay,customer1828@example.co.za,0832856109,Johannesburg,Gauteng,Corporate,2023-01-01
1829,Chantelle Daniels,customer1829@example.co.za,0844653282,Pretoria,Gauteng,Wholesale,2023-07-26
1830,Bongani Jacobs,customer1830@example.co.za,0796331381,Bloemfontein,Free State,Wholesale,2023-04-07
1831,Amahle Nkosi,customer1831@example.co.za,0848540619,Polokwane,Limpopo,Small Business,2022-12-30
1832,Kagiso Mokoena,customer1832@example.co.za,0786604510,Polokwane,Limpopo,Wholesale,2022-12-19
1833,Chantelle Daniels,customer1833@example.co.za,0767883587,Johannesburg,Gauteng,Small Business,2022-03-01
1834,Sibusiso Dlamini,customer1834@example.co.za,0789445000,Kimberley,Northern Cape,Retail,2025-03-14
1835,Thabo Maseko,customer1835@example.co.za,0785193310,Polokwane,Limpopo,Small Business,2025-03-11
1836,Sipho Mabena,customer1836@example.co.za,0827532030,East London,Eastern Cape,Small Business,2022-11-27
1837,Bongani Botha,customer1837@example.co.za,0838921679,East London,Eastern Cape,Small Business,2023-10-23
1838,Kagiso Naidoo,customer1838@example.co.za,0824473005,Pretoria,Gauteng,Wholesale,2024-07-29
1839,Liam Botha,customer1839@example.co.za,0713967518,Durban,KwaZulu-Natal,Wholesale,2024-10-21
1840,Ayanda van Wyk,customer1840@example.co.za,0838754634,Johannesburg,Gauteng,Retail,2022-01-15
1841,Jason Mahlangu,customer1841@example.co.za,0717464522,Cape Town,Western Cape,Retail,2024-05-04
1842,Naledi Mokoena,customer1842@example.co.za,0769066612,Gqeberha,Eastern Cape,Retail,2023-08-23
1843,Lerato Mabena,customer1843@example.co.za,0769582547,Polokwane,Limpopo,Wholesale,2024-05-27
1844,Naledi Dlamini,customer1844@example.co.za,0715404004,Johannesburg,Gauteng,Retail,2022-12-13
1845,Jason Maseko,customer1845@example.co.za,0835078015,Bloemfontein,Free State,Wholesale,2023-03-07
1846,Naledi Maseko,customer1846@example.co.za,0792242680,Gqeberha,Eastern Cape,Wholesale,2024-10-03
1847,Nomsa Maseko,customer1847@example.co.za,0848460359,Durban,KwaZulu-Natal,Corporate,2024-07-11
1848,Nomsa Ndlovu,customer1848@example.co.za,0713349162,Gqeberha,Eastern Cape,Small Business,2024-12-04
1849,Thabo Botha,customer1849@example.co.za,0847085502,Gqeberha,Eastern Cape,Corporate,2023-09-21
1850,Kagiso Mahlangu,customer1850@example.co.za,0798379665,Pretoria,Gauteng,Corporate,2022-11-13
1851,Anele Smith,customer1851@example.co.za,0717446253,Pretoria,Gauteng,Corporate,2023-04-12
1852,Zanele Smith,customer1852@example.co.za,0831202445,Cape Town,Western Cape,Corporate,2024-01-16
1853,Chantelle Mahlangu,customer1853@example.co.za,0783859007,Mbombela,Mpumalanga,Corporate,2022-11-16
1854,Ayanda Mabena,customer1854@example.co.za,0769141073,Kimberley,Northern Cape,Small Business,2024-12-11
1855,Mpho Mahlangu,customer1855@example.co.za,0761238783,East London,Eastern Cape,Retail,2023-12-03
1856,Kagiso Pillay,customer1856@example.co.za,0833518067,Durban,KwaZulu-Natal,Corporate,2022-09-02
1857,Bongani Mahlangu,customer1857@example.co.za,0761204695,Durban,KwaZulu-Natal,Small Business,2023-02-19
1858,Lerato Adams,customer1858@example.co.za,0792658260,Bloemfontein,Free State,Corporate,2024-11-05
1859,Nomsa Naidoo,customer1859@example.co.za,0711939101,Johannesburg,Gauteng,Wholesale,2025-03-06
1860,Sibusiso Botha,customer1860@example.co.za,0844064939,Mbombela,Mpumalanga,Small Business,2023-04-13
1861,Mpho Ndlovu,customer1861@example.co.za,0785458768,East London,Eastern Cape,Corporate,2022-07-07
1862,Sipho Dlamini,customer1862@example.co.za,0786079484,Durban,KwaZulu-Natal,Retail,2023-03-02
1863,Sibusiso Mahlangu,customer1863@example.co.za,0762648700,Durban,KwaZulu-Natal,Retail,2023-10-16
1864,Zanele Mahlangu,customer1864@example.co.za,0828413819,Johannesburg,Gauteng,Retail,2024-09-01
1865,Naledi Pillay,customer1865@example.co.za,0789174374,Durban,KwaZulu-Natal,Corporate,2025-03-11
1866,Jason Jacobs,customer1866@example.co.za,0798426297,Cape Town,Western Cape,Small Business,2024-07-23
1867,Nomsa Daniels,customer1867@example.co.za,0785542317,Cape Town,Western Cape,Wholesale,2022-12-28
1868,Amahle Smith,customer1868@example.co.za,0796027079,Bloemfontein,Free State,Corporate,2024-12-25
1869,Ayanda Mthembu, customer1869@example.co.za,0799439984,Durban,KwaZulu-Natal,Corporate,2024-06-20
1870,Mpho Mahlangu,customer1870@example.co.za,0826355413,Johannesburg,Gauteng,Wholesale,2024-10-12
1871,Mpho Naidoo,customer1871@example.co.za,0718248007,Pretoria,Gauteng,Corporate,2022-07-13
1872,Ayanda van Wyk,customer1872@example.co.za,0832823879,East London,Eastern Cape,Small Business,2023-03-13
1873,Kagiso Maseko,customer1873@example.co.za,0719898627,Gqeberha,Eastern Cape,Wholesale,2022-07-30
1874,Zanele Dlamini,customer1874@example.co.za,0843623750,Gqeberha,Eastern Cape,Small Business,2024-03-22
1875,Mpho van Wyk,customer1875@example.co.za,0849664866,Pretoria,Gauteng,Wholesale,2024-05-03
1876,Sibusiso Mthembu,customer1876@example.co.za,0766093866,Gqeberha,Eastern Cape,Corporate,2022-10-24
1877,Ayanda Mabena,customer1877@example.co.za,0716290638,Gqeberha,Eastern Cape,Wholesale,2023-09-23
1878,Chantelle Daniels,customer1878@example.co.za,0827779356,Polokwane,Limpopo,Retail,2024-04-17
1879,Anele Nkosi,customer1879@example.co.za,0715600435,Bloemfontein,Free State,Retail,2023-02-19
1880,Nomsa Smith,customer1880@example.co.za,0717265873,Durban,KwaZulu-Natal,Retail,2023-10-22
1881,Chantelle Maseko,customer1881@example.co.za,0784346251,Polokwane,Limpopo,Small Business,2024-10-27
1882,Nomsa Jacobs,customer1882@example.co.za,0825079175,East London,Eastern Cape,Small Business,2023-10-29
1883,Amahle Ndlovu,customer1883@example.co.za,0717544171,East London,Eastern Cape,Wholesale,2023-05-27
1884,Chantelle Ndlovu,customer1884@example.co.za,0821941446,Gqeberha,Eastern Cape,Corporate,2023-07-20
1885,Bongani Nkosi,customer1885@example.co.za,0842862787,Mbombela,Mpumalanga,Wholesale,2022-10-03
1886,Ayanda Daniels,customer1886@example.co.za,0713546321,Johannesburg,Gauteng,Small Business,2023-09-05
1887,Zanele Naidoo,customer1887@example.co.za,0765114220,Kimberley,Northern Cape,Corporate,2025-03-18
1888,Nomsa Smith,customer1888@example.co.za,0791366612,Mbombela,Mpumalanga,Small Business,2022-05-20
1889,Bongani Nkosi,customer1889@example.co.za,0794603961,Bloemfontein,Free State,Small Business,2023-10-20
1890,Sibusiso Nkosi,customer1890@example.co.za,0846587015,East London,Eastern Cape,Small Business,2023-06-15
1891,Thabo Dlamini,customer1891@example.co.za,0827891727,Gqeberha,Eastern Cape,Wholesale,2024-03-22
1892,Lerato Ndlovu,customer1892@example.co.za,0787265860,East London,Eastern Cape,Retail,2025-03-04
1893,Lerato Maseko,customer1893@example.co.za,0719254549,Polokwane,Limpopo,Corporate,2025-03-23
1894,Sipho Naidoo,customer1894@example.co.za,0782545911,Bloemfontein,Free State,Retail,2024-12-25
1895,Sipho Nkosi,customer1895@example.co.za,0784202560,Pretoria,Gauteng,Retail,2024-06-01
1896,Liam Nkosi,customer1896@example.co.za,0793553581,Gqeberha,Eastern Cape,Corporate,2022-05-30
1897,Ayanda Nkosi,customer1897@example.co.za,0788254420,Pretoria,Gauteng,Retail,2024-04-02
1898,Kagiso Mokoena,customer1898@example.co.za,0787542233,Kimberley,Northern Cape,Retail,2022-01-18
1899,Ayanda Daniels,customer1899@example.co.za,0835342831,Durban,KwaZulu-Natal,Small Business,2025-04-11
1900,Liam Pillay,customer1900@example.co.za,0716949960,Bloemfontein,Free State,Small Business,2023-01-22
1901,Zanele Smith,customer1901@example.co.za,0832692762,Pretoria,Gauteng,Retail,2024-12-28
1902,Lerato Dlamini,customer1902@example.co.za,0786847188,Kimberley,Northern Cape,Retail,2023-11-02
1903,Sibusiso Pillay,customer1903@example.co.za,0836082313,Bloemfontein,Free State,Small Business,2024-05-18
1904,Sibusiso Pillay,customer1904@example.co.za,0716961695,Gqeberha,Eastern Cape,Retail,2022-10-09
1905,Naledi Adams,customer1905@example.co.za,0828448286,East London,Eastern Cape,Small Business,2024-02-19
1906,Liam Nkosi,customer1906@example.co.za,0764332588,Cape Town,Western Cape,Small Business,2024-02-19
1907,Naledi Naidoo,customer1907@example.co.za,0839501071,Kimberley,Northern Cape,Retail,2022-11-30
1908,Naledi Mahlangu,customer1908@example.co.za,0797012792,Durban,KwaZulu-Natal,Corporate,2024-04-30
1909,Zanele Naidoo,customer1909@example.co.za,0719504541,Durban,KwaZulu-Natal,Corporate,2024-09-05
1910,Naledi Nkosi,customer1910@example.co.za,0821121728,Gqeberha,Eastern Cape,Wholesale,2024-05-10
1911,Naledi Mabena,customer1911@example.co.za,0846200630,Polokwane,Limpopo,Retail,2024-06-08
1912,Sibusiso Naidoo,customer1912@example.co.za,0797537849,Gqeberha,Eastern Cape,Wholesale,2022-02-02
1913,Ayanda Ndlovu,customer1913@example.co.za,0835177495,Gqeberha,Eastern Cape,Small Business,2025-03-02
1914,Anele Dlamini,customer1914@example.co.za,0838882149,Cape Town,Western Cape,Retail,2022-05-06
1915,Zanele Smith,customer1915@example.co.za,847960470,Kimberley,Northern Cape,Small Business,2024-05-08
1916,Mpho Dlamini,customer1916@example.co.za,0794046988,Pretoria,Gauteng,Corporate,2022-08-13
1917,Thabo Mahlangu,customer1917@example.co.za,0836134915,Pretoria,Gauteng,Wholesale,2024-02-04
1918,Ayanda Mokoena,customer1918@example.co.za,0711433356,Gqeberha,Eastern Cape,Corporate,2022-02-28
1919,Lerato Dlamini,customer1919@example.co.za,0761780131,East London,Eastern Cape,Wholesale,2024-12-11
1920,Mpho Jacobs,customer1920@example.co.za,0826849651,Pretoria,Gauteng,Small Business,2022-07-08
1921,Sipho Jacobs,customer1921@example.co.za,0768791898,Polokwane,Limpopo,Wholesale,2025-01-04
1922,Anele Mokoena,customer1922@example.co.za,848990039,East London,Eastern Cape,Wholesale,2023-06-11
1923,Ayanda Mabena,customer1923@example.co.za,0782617294,Pretoria,Gauteng,Wholesale,2024-10-06
1924,Zanele Dlamini,customer1924@example.co.za,0839635804,Kimberley,Northern Cape,Small Business,2022-10-20
1925,Sipho Jacobs,customer1925@example.co.za,0797775286,Durban,KwaZulu-Natal,Corporate,2022-08-04
1926,Sibusiso Mthembu,customer1926@example.co.za,0836051756,Durban,KwaZulu-Natal,Corporate,2024-08-04
1927,Nomsa Dlamini,customer1927@example.co.za,0848080336,Kimberley,Northern Cape,Corporate,2022-10-25
1928,Lerato Adams,customer1928@example.co.za,0791805615,Kimberley,Northern Cape,Small Business,2023-01-09
1929,Anele Ndlovu,customer1929@example.co.za,0714990114,Cape Town,Western Cape,Small Business,2024-03-23
1930,Thabo Mahlangu,customer1930@example.co.za,0766769714,Bloemfontein,Free State,Small Business,2025-03-28
1931,Liam Pillay,customer1931@example.co.za,0765409130,Polokwane,Limpopo,Wholesale,2022-08-30
1932,Ayanda Maseko,customer1932@example.co.za,0835282961,Gqeberha,Eastern Cape,Corporate,2024-09-25
1933,Liam Jacobs,customer1933@example.co.za,0796744099,Mbombela,Mpumalanga,Corporate,2022-05-10
1934,Jason Mokoena,customer1934@example.co.za,0783117757,Bloemfontein,Free State,Retail,2023-04-11
1935,Naledi Jacobs,customer1935@example.co.za,0785961248,East London,Eastern Cape,Small Business,2023-12-13
1936,Liam Daniels,customer1936@example.co.za,0782391959,Gqeberha,Eastern Cape,Small Business,2024-03-25
1937,Zanele Dlamini,customer1937@example.co.za,0714722144,Mbombela,Mpumalanga,Retail,2023-02-11
1938,Anele Ndlovu,customer1938@example.co.za,0719944877,Bloemfontein,Free State,Corporate,2025-01-09
1939,Mpho Mabena,customer1939@example.co.za,0832680038,Durban,KwaZulu-Natal,Small Business,2023-04-09
1940,Jason Pillay,customer1940@example.co.za,0841820610,Pretoria,Gauteng,Wholesale,2023-08-31
1941,Jason Mahlangu,customer1941@example.co.za,0766400942,Polokwane,Limpopo,Small Business,2023-09-07
1942,Sipho Mthembu,customer1942@example.co.za,0796227870,Cape Town,Western Cape,Small Business,2022-05-17
1943,Jason Dlamini,customer1943@example.co.za,0839068702,Cape Town,Western Cape,Small Business,2023-05-12
1944,Mpho Daniels,customer1944@example.co.za,0764244232,Polokwane,Limpopo,Small Business,2023-12-19
1945,Sibusiso Mthembu,customer1945@example.co.za,0837735054,Johannesburg,Gauteng,Retail,2025-04-14
1946,Zanele Nkosi,customer1946@example.co.za,0835621624,Pretoria,Gauteng,Corporate,2022-01-23
1947,Kagiso Jacobs,customer1947@example.co.za,0718903903,Johannesburg,Gauteng,Small Business,2024-06-16
1948,Naledi Nkosi,customer1948@example.co.za,0832181161,Gqeberha,Eastern Cape,Corporate,2023-07-12
1949,Chantelle Mthembu,customer1949@example.co.za,0828827002,Cape Town,Western Cape,Wholesale,2025-04-13
1950,Amahle Smith,customer1950@example.co.za,0839771788,Pretoria,Gauteng,Retail,2022-07-01
1951,Bongani Botha,customer1951@example.co.za,0719296866,Kimberley,Northern Cape,Wholesale,2024-05-13
1952,Naledi Mthembu,customer1952@example.co.za,0715628257,Cape Town,Western Cape,Corporate,2024-11-06
1953,Jason Mthembu,customer1953@example.co.za,0842394075,Bloemfontein,Free State,Retail,2022-07-27
1954,Sibusiso Mahlangu,customer1954@example.co.za,0838277403,East London,Eastern Cape,Corporate,2022-08-01
1955,Chantelle Adams,customer1955@example.co.za,0822808544,East London,Eastern Cape,Retail,2025-03-24
1956,Naledi Botha,customer1956@example.co.za,0848077121,Johannesburg,Gauteng,Wholesale,2022-03-23
1957,Liam Nkosi,customer1957@example.co.za,0789770547,Bloemfontein,Free State,Retail,2024-03-27
1958,Thabo Pillay,customer1958@example.co.za,0784032275,Polokwane,Limpopo,Retail,2023-11-05
1959,Kagiso Daniels,customer1959@example.co.za,0711476046,Johannesburg,Gauteng,Wholesale,2023-06-04
1960,Bongani Mabena,customer1960@example.co.za,0835641122,Bloemfontein,Free State,Wholesale,2022-04-08
1961,Liam Mthembu,customer1961@example.co.za,0713694288,Bloemfontein,Free State,Small Business,2025-02-17
1962,Ayanda Adams,customer1962@example.co.za,0716847516,Mbombela,Mpumalanga,Small Business,2024-10-20
1963,Ayanda Mabena,customer1963@example.co.za,0784818006,Johannesburg,Gauteng,Corporate,2023-09-19
1964,Sipho Adams,customer1964@example.co.za,0849341509,Johannesburg,Gauteng,Small Business,2024-02-23
1965,Nomsa Mahlangu,customer1965@example.co.za,0846653942,Durban,KwaZulu-Natal,Wholesale,2024-01-11
1966,Mpho Maseko,customer1966@example.co.za,0822870334,Pretoria,Gauteng,Small Business,2025-04-06
1967,Kagiso van Wyk,customer1967@example.co.za,0762273983,Gqeberha,Eastern Cape,Small Business,2022-07-11
1968,Chantelle Mthembu,customer1968@example.co.za,0836707004,Johannesburg,Gauteng,Corporate,2024-03-23
1969,Chantelle Jacobs,customer1969@example.co.za,0715931029,Pretoria,Gauteng,Retail,2023-10-26
1970,Liam Ndlovu,customer1970@example.co.za,0833600666,Durban,KwaZulu-Natal,Corporate,2022-02-23
1971,Sibusiso Botha,customer1971@example.co.za,0834788843,East London,Eastern Cape,Wholesale,2023-03-19
1972,Thabo Smith,customer1972@example.co.za,0831348529,Pretoria,Gauteng,Wholesale,2024-06-17
1973,Zanele Daniels,customer1973@example.co.za,0839700184,Polokwane,Limpopo,Wholesale,2025-03-24
1974,Nomsa Mabena,customer1974@example.co.za,0715421758,Polokwane,Limpopo,Wholesale,2024-01-29
1975,Sibusiso Maseko,customer1975@example.co.za,0786990710,Bloemfontein,Free State,Retail,2022-10-03
1976,Sibusiso Dlamini,customer1976@example.co.za,0829513662,Bloemfontein,Free State,Wholesale,2025-01-01
1977,Naledi Botha, customer1977@example.co.za,0796844222,Bloemfontein,Free State,Small Business,2024-08-10
1978,Lerato Nkosi,customer1978@example.co.za,0788346255,Gqeberha,Eastern Cape,Wholesale,2024-06-12
1979,Mpho Mokoena,customer1979@example.co.za,0788524049,Johannesburg,Gauteng,Retail,2023-12-13
1980,Anele Naidoo,customer1980@example.co.za,0796946051,East London,Eastern Cape,Retail,2023-07-20
1981,Nomsa Mokoena,customer1981@example.co.za,0799234422,Kimberley,Northern Cape,Wholesale,2022-10-01
1982,Zanele Nkosi,customer1982@example.co.za,0846111364,Polokwane,Limpopo,Corporate,2023-04-22
1983,Jason Dlamini,customer1983@example.co.za,0716275739,Kimberley,Northern Cape,Retail,2022-04-19
1984,Naledi Naidoo,customer1984@example.co.za,782067513,Bloemfontein,Free State,Wholesale,2022-11-27
1985,Sibusiso van Wyk,customer1985@example.co.za,0714040670,Durban,KwaZulu-Natal,Retail,2024-10-10
1986,Ayanda Naidoo,customer1986@example.co.za,0827770534,Johannesburg,Gauteng,Wholesale,2024-04-14
1987,Amahle Dlamini,customer1987@example.co.za,0716759540,Polokwane,Limpopo,Small Business,2022-07-16
1988,Bongani van Wyk,customer1988@example.co.za,0798220257,Gqeberha,Eastern Cape,Corporate,2024-10-20
1989,Mpho Mthembu,customer1989@example.co.za,0764365631,Johannesburg,Gauteng,Small Business,2023-12-21
1990,Ayanda Nkosi,customer1990@example.co.za,0712577526,Johannesburg,Gauteng,Corporate,2022-02-11
1991,Lerato Ndlovu,customer1991@example.co.za,0797260367,Kimberley,Northern Cape,Retail,2022-12-12
1992,Thabo Mokoena,customer1992@example.co.za,0847455092,Cape Town,Western Cape,Corporate,2022-02-26
1993,Bongani Naidoo,customer1993@example.co.za,0834162204,Kimberley,Northern Cape,Wholesale,2023-01-08
1994,Zanele Mabena,customer1994@example.co.za,0823594951,Mbombela,Mpumalanga,Corporate,2025-03-21
1995,Liam van Wyk,customer1995@example.co.za,0783497284,Pretoria,Gauteng,Wholesale,2022-03-04
1996,Lerato Jacobs,customer1996@example.co.za,0716228876,Kimberley,Northern Cape,Corporate,2022-08-09
1997,Mpho van Wyk,customer1997@example.co.za,0829349199,Bloemfontein,Free State,Small Business,2022-11-14
1998,Ayanda Nkosi,customer1998@example.co.za,0797523750,Kimberley,Northern Cape,Wholesale,2022-08-27
1999,Sipho Maseko,customer1999@example.co.za,0837135319,Mbombela,Mpumalanga,Small Business,2023-05-06
2000,Zanele Adams,customer2000@example.co.za,0827011635,East London,Eastern Cape,Retail,2024-09-10
2001,Naledi Naidoo,customer2001@example.co.za,0796377987,Kimberley,Northern Cape,Wholesale,2025-01-23
2002,Kagiso Maseko,customer2002@example.co.za,0838514591,Durban,KwaZulu-Natal,Small Business,2023-08-23
2003,Chantelle Daniels,customer2003@example.co.za,0762382256,Polokwane,Limpopo,Wholesale,2022-02-18
2004,Naledi Maseko,customer2004@example.co.za,0789121925,East London,Eastern Cape,Wholesale,2023-09-19
2005,Kagiso Ndlovu,customer2005@example.co.za,0781698478,East London,Eastern Cape,Small Business,2022-07-02
2006,Mpho Maseko,customer2006@example.co.za,0791804568,Gqeberha,Eastern Cape,Retail,2022-04-07
2007,Chantelle Pillay, customer2007@example.co.za,0841879717,Gqeberha,Eastern Cape,Wholesale,2024-11-07
2008,Mpho Mabena,customer2008@example.co.za,0791750288,Mbombela,Mpumalanga,Small Business,2022-07-22
2009,Mpho Botha,customer2009@example.co.za,0796373918,East London,Eastern Cape,Retail,2023-02-21
2010,Zanele Mokoena,customer2010@example.co.za,0827400318,East London,Eastern Cape,Small Business,2022-08-27
2011,Thabo Botha,customer2011@example.co.za,0796549075,Gqeberha,Eastern Cape,Small Business,2024-03-09
2012,Bongani Adams,customer2012@example.co.za,0823616054,Durban,KwaZulu-Natal,Small Business,2023-05-20
2013,Nomsa Daniels,customer2013@example.co.za,0796196562,Kimberley,Northern Cape,Small Business,2023-07-13
2014,Thabo Daniels,customer2014@example.co.za,0717939725,Polokwane,Limpopo,Wholesale,2023-07-24
2015,Amahle Mthembu,customer2015@example.co.za,0781174981,Durban,KwaZulu-Natal,Wholesale,2022-03-27
2016,Anele Botha,customer2016@example.co.za,0822918984,East London,Eastern Cape,Retail,2022-11-22
2017,Sipho van Wyk,customer2017@example.co.za,0786492500,East London,Eastern Cape,Small Business,2023-06-10
2018,Kagiso Smith,customer2018@example.co.za,0845387228,Polokwane,Limpopo,Retail,2022-09-02
2019,Zanele Naidoo,customer2019@example.co.za,0789354503,Polokwane,Limpopo,Small Business,2022-09-18
2020,Lerato Mahlangu,customer2020@example.co.za,0762834486,Mbombela,Mpumalanga,Retail,2023-04-14
2021,Chantelle van Wyk,customer2021@example.co.za,0822130790,Cape Town,Western Cape,Small Business,2024-06-11
2022,Bongani Nkosi,customer2022@example.co.za,0793395093,Kimberley,Northern Cape,Wholesale,2022-03-26
2023,Zanele Pillay,customer2023@example.co.za,0796333834,Mbombela,Mpumalanga,Retail,2025-03-10
2024,Anele Maseko,customer2024@example.co.za,0715207762,Cape Town,Western Cape,Small Business,2023-12-19
2025,Zanele Ndlovu,customer2025@example.co.za,0767375918,East London,Eastern Cape,Small Business,2023-08-21
2026,Sipho Botha,customer2026@example.co.za,0834260468,Mbombela,Mpumalanga,Corporate,2024-06-17
2027,Liam Naidoo,customer2027@example.co.za,0715123439,Cape Town,Western Cape,Corporate,2025-02-14
2028,Anele Maseko,customer2028@example.co.za,0822868408,Pretoria,Gauteng,Retail,2024-04-19
2029,Thabo van Wyk,customer2029@example.co.za,0796396496,Mbombela,Mpumalanga,Corporate,2022-03-20
2030,Naledi Botha,customer2030@example.co.za,0827395699,Pretoria,Gauteng,Retail,2025-02-26
2031,Chantelle Jacobs,customer2031@example.co.za,0714766788,Cape Town,western cape,Retail,2025-02-28
2032,Sipho Mokoena,customer2032@example.co.za,0798993139,Mbombela,Mpumalanga,Wholesale,2023-08-02
2033,Chantelle Nkosi,customer2033@example.co.za,0794987424,Kimberley,Northern Cape,Wholesale,2023-05-28
2034,Liam Mahlangu,customer2034@example.co.za,0838620600,Bloemfontein,Free State,Corporate,2023-04-04
2035,Kagiso van Wyk,customer2035@example.co.za,0765315283,Pretoria,Gauteng,Small Business,2024-01-24
2036,Jason Smith,customer2036@example.co.za,0831713952,Cape Town,Western Cape,Wholesale,2024-04-20
2037,Sibusiso Adams,customer2037@example.co.za,0836921373,Mbombela,Mpumalanga,Small Business,2024-04-11
2038,Jason Nkosi,customer2038@example.co.za,0798588532,Polokwane,Limpopo,Wholesale,2024-03-06
2039,Bongani Maseko,customer2039@example.co.za,0847692147,East London,Eastern Cape,Small Business,2024-12-21
2040,Sibusiso Pillay,customer2040@example.co.za,0794203862,Durban,KwaZulu-Natal,Small Business,2024-01-15
2041,Jason Mabena,customer2041@example.co.za,0796148910,East London,Eastern Cape,Small Business,2024-03-15
2042,Amahle Jacobs,customer2042@example.co.za,0788588667,Pretoria,Gauteng,Corporate,2024-04-24
2043,Zanele Pillay,customer2043@example.co.za,0843629314,Cape Town,Western Cape,Wholesale,2024-11-25
2044,Mpho Nkosi,customer2044@example.co.za,0824463711,Polokwane,Limpopo,Wholesale,2025-03-08
2045,Nomsa Dlamini,customer2045@example.co.za,0797742368,Pretoria,Gauteng,Small Business,2022-11-05
2046,Ayanda Nkosi,customer2046@example.co.za,0833190350,Polokwane,Limpopo,Wholesale,2023-10-10
2047,Lerato Jacobs,customer2047@example.co.za,0712096542,Kimberley,Northern Cape,Retail,2022-02-13
2048,Lerato Maseko,customer2048@example.co.za,0712509059,Cape Town,Western Cape,Corporate,2024-01-01
2049,Anele Pillay,customer2049@example.co.za,0842107683,Durban,KwaZulu-Natal,Corporate,2023-10-09
2050,Liam Mahlangu,customer2050@example.co.za,0843939670,Kimberley,Northern Cape,Corporate,2023-09-14
2051,Mpho Dlamini,customer2051@example.co.za,0837965663,Johannesburg,Gauteng,Retail,2024-12-26
2052,Jason van Wyk,customer2052@example.co.za,0788878038,Kimberley,Northern Cape,Corporate,2023-05-26
2053,Anele Nkosi,customer2053@example.co.za,0821660659,Johannesburg,Gauteng,Small Business,2024-02-20
2054,Chantelle Mahlangu,customer2054@example.co.za,0831334774,East London,Eastern Cape,Corporate,2024-06-22
2055,Mpho Nkosi,customer2055@example.co.za,0829250481,Kimberley,Northern Cape,Corporate,2023-11-27
2056,Bongani Naidoo,customer2056@example.co.za,0833263974,Johannesburg,Gauteng,Corporate,2024-03-17
2057,Naledi Pillay,customer2057@example.co.za,0796380429,Pretoria,Gauteng,Corporate,2022-06-20
2058,Amahle Mokoena,customer2058@example.co.za,0788008491,Bloemfontein,Free State,Small Business,2024-01-18
2059,Zanele Mthembu,customer2059@example.co.za,0781393330,Gqeberha,Eastern Cape,Wholesale,2023-10-15
2060,Lerato Botha,customer2060@example.co.za,0796144500,Pretoria,Gauteng,Corporate,2024-07-08
2061,Ayanda Ndlovu,customer2061@example.co.za,0848685433,Polokwane,Limpopo,Retail,2023-11-13
2062,Lerato Dlamini,customer2062@example.co.za,0711179145,Mbombela,Mpumalanga,Retail,2023-09-12
2063,Zanele Mahlangu,customer2063@example.co.za,0767516222,Polokwane,Limpopo,Retail,2023-07-08
2064,Ayanda Mabena,customer2064@example.co.za,0719599736,Polokwane,Limpopo,Wholesale,2024-04-13
2065,Anele Mabena,customer2065@example.co.za,0795388717,Bloemfontein,Free State,Small Business,2024-09-28
2066,Nomsa Naidoo,customer2066@example.co.za,0762422629,Gqeberha,Eastern Cape,Corporate,2024-11-08
2067,Thabo Dlamini,customer2067@example.co.za,0712795994,Johannesburg,Gauteng,Small Business,2022-06-02
2068,Bongani Naidoo,customer2068@example.co.za,0834975282,Pretoria,Gauteng,Retail,2022-06-04
2069,Thabo Maseko,customer2069@example.co.za,0712180827,Cape Town,Western Cape,Small Business,2025-04-08
2070,Ayanda Jacobs, customer2070@example.co.za,0783046457,East London,Eastern Cape,Retail,2022-10-12
2071,Sipho van Wyk,customer2071@example.co.za,0822536556,Durban,KwaZulu-Natal,Retail,2024-06-05
2072,Zanele Ndlovu,customer2072@example.co.za,0792332311,Durban,KwaZulu-Natal,Wholesale,2023-10-19
2073,Zanele Mahlangu,customer2073@example.co.za,0714310140,Mbombela,Mpumalanga,Wholesale,2023-01-17
2074,Kagiso Ndlovu,customer2074@example.co.za,0764102574,East London,Eastern Cape,Retail,2022-06-12
2075,Zanele Mthembu,customer2075@example.co.za,0834176691,Pretoria,Gauteng,Retail,2022-06-05
2076,Mpho Maseko,customer2076@example.co.za,0714820432,Durban,KwaZulu-Natal,Small Business,2024-03-19
2077,Kagiso Daniels,customer2077@example.co.za,0785788268,Kimberley,Northern Cape,Small Business,2024-05-23
2078,Bongani Botha,customer2078@example.co.za,0781117156,Gqeberha,Eastern Cape,Corporate,2023-07-31
2079,Sipho Ndlovu,customer2079@example.co.za,0829286653,Pretoria,Gauteng,Corporate,2022-05-04
2080,Jason Naidoo,customer2080@example.co.za,0798481497,Kimberley,Northern Cape,Retail,2022-06-30
2081,Bongani Naidoo,customer2081@example.co.za,0785402967,Bloemfontein,Free State,Corporate,2024-07-12
2082,Amahle Mabena,customer2082@example.co.za,0766037311,Bloemfontein,Free State,Wholesale,2023-10-04
2083,Zanele Botha,customer2083@example.co.za,0783861403,Mbombela,Mpumalanga,Retail,2023-12-24
2084,Liam Nkosi,customer2084@example.co.za,0847765272,Polokwane,Limpopo,Wholesale,2024-08-09
2085,Anele Dlamini,customer2085@example.co.za,0797468693,East London,Eastern Cape,Wholesale,2022-02-20
2086,Ayanda Adams,customer2086@example.co.za,0713506246,Pretoria,Gauteng,Wholesale,2024-01-19
2087,Jason van Wyk,customer2087@example.co.za,0834085491,Cape Town,Western Cape,Small Business,2022-07-14
2088,Chantelle Mahlangu,customer2088@example.co.za,0835544781,Cape Town,Western Cape,Corporate,2023-02-10
2089,Amahle Adams,customer2089@example.co.za,0836092256,Cape Town,Western Cape,Corporate,2023-04-12
2090,Amahle Mahlangu,customer2090@example.co.za,0768299893,Durban,KwaZulu-Natal,Small Business,2024-09-25
2091,Bongani Jacobs,customer2091@example.co.za,0826423780,Cape Town,Western Cape,Wholesale,2023-08-16
2092,Sibusiso Mahlangu,customer2092@example.co.za,0714630654,Pretoria,Gauteng,Wholesale,2024-10-01
2093,Kagiso van Wyk,customer2093@example.co.za,0846211203,Cape Town,Western Cape,Wholesale,2022-09-07
2094,Anele Smith,customer2094@example.co.za,0847263852,Kimberley,Northern Cape,Small Business,2024-01-27
2095,Amahle Naidoo,customer2095@example.co.za,0828500727,Kimberley,Northern Cape,Corporate,2024-05-04
2096,Zanele Maseko,customer2096@example.co.za,0794916445,Durban,KwaZulu-Natal,Corporate,2024-09-02
2097,Ayanda Maseko,customer2097@example.co.za,0794261117,Gqeberha,Eastern Cape,Small Business,2023-10-22
2098,Sibusiso Botha,customer2098@example.co.za,0715179188,Kimberley,Northern Cape,Wholesale,2025-02-27
2099,Thabo Maseko,customer2099@example.co.za,0782603610,East London,Eastern Cape,Wholesale,2022-10-31
2100,Ayanda Naidoo,customer2100@example.co.za,0789236614,Kimberley,Northern Cape,Wholesale,2023-06-29
2101,Liam Adams,customer2101@example.co.za,0714241051,Johannesburg,Gauteng,Corporate,2022-10-21
2102,Lerato Mahlangu,customer2102@example.co.za,0834746911,Bloemfontein,Free State,Retail,2023-11-02
2103,Amahle Dlamini,customer2103@example.co.za,0715576112,Bloemfontein,Free State,Corporate,2024-09-19
2104,Zanele Pillay,customer2104@example.co.za,0783019346,Bloemfontein,Free State,Corporate,2022-05-05
2105,Kagiso Botha,customer2105@example.co.za,0717308382,Durban,KwaZulu-Natal,Wholesale,2022-01-23
2106,Nomsa Pillay,customer2106@example.co.za,0835967790,Gqeberha,Eastern Cape,Retail,2022-03-01
2107,Sipho Mabena,customer2107@example.co.za,0763476564,Polokwane,Limpopo,Wholesale,2024-02-22
2108,Mpho Nkosi,customer2108@example.co.za,0716269505,Mbombela,Mpumalanga,Retail,2023-07-15
2109,Nomsa Pillay,customer2109@example.co.za,0798605673,East London,Eastern Cape,Corporate,2022-11-30
2110,Anele Maseko,customer2110@example.co.za,0823078947,Kimberley,Northern Cape,Retail,2023-10-31
2111,Amahle Mabena,customer2111@example.co.za,0836289331,Mbombela,Mpumalanga,Wholesale,2025-01-31
2112,Jason Maseko,customer2112@example.co.za,0763986318,Cape Town,Western Cape,Corporate,2022-03-12
2113,Ayanda Ndlovu,customer2113@example.co.za,0781937161,Gqeberha,Eastern Cape,Small Business,2024-10-14
2114,Sipho Dlamini,customer2114@example.co.za,0832715524,Johannesburg,Gauteng,Small Business,2023-04-27
2115,Bongani Mabena,customer2115@example.co.za,0842361617,Johannesburg,Gauteng,Wholesale,2023-12-05
2116,Amahle Adams,customer2116@example.co.za,0782042711,Johannesburg,Gauteng,Wholesale,2024-03-21
2117,Sipho Pillay,customer2117@example.co.za,0763668591,Pretoria,Gauteng,Retail,2023-06-19
2118,Sibusiso Ndlovu,customer2118@example.co.za,0791406431,Durban,KwaZulu-Natal,Retail,2023-04-07
2119,Lerato Ndlovu,customer2119@example.co.za,0834903481,East London,Eastern Cape,Small Business,2022-10-09
2120,Ayanda Maseko,customer2120@example.co.za,0767640569,Mbombela,Mpumalanga,Retail,2024-11-10
2121,Amahle Mokoena,customer2121@example.co.za,0797961516,Gqeberha,Eastern Cape,Retail,2022-03-24
2122,Lerato Pillay,customer2122@example.co.za,0839245415,Durban,KwaZulu-Natal,Retail,2023-12-17
2123,Bongani van Wyk,customer2123@example.co.za,0764569828,Johannesburg,Gauteng,Small Business,2025-01-03
2124,Kagiso Mthembu,customer2124@example.co.za,0787279721,Cape Town,Western Cape,Wholesale,2022-11-24
2125,Nomsa Maseko,customer2125@example.co.za,0836487124,Durban,KwaZulu-Natal,Corporate,2024-03-15
2126,Kagiso Nkosi,customer2126@example.co.za,0828474978,Johannesburg,Gauteng,Wholesale,2023-02-24
2127,Naledi Ndlovu,customer2127@example.co.za,0762790625,Pretoria,Gauteng,Small Business,2023-02-14
2128,Kagiso Pillay,customer2128@example.co.za,0786089714,Kimberley,Northern Cape,Corporate,2024-08-07
2129,Sibusiso Mthembu,customer2129@example.co.za,0839574824,Cape Town,Western Cape,Retail,2023-09-27
2130,Zanele van Wyk,customer2130@example.co.za,0716602449,Cape Town,Western Cape,Small Business,2024-10-20
2131,Ayanda Nkosi,customer2131@example.co.za,0763772557,Polokwane,Limpopo,Wholesale,2024-09-10
2132,Kagiso Botha,customer2132@example.co.za,0822799550,Mbombela,Mpumalanga,Retail,2022-03-05
2133,Lerato Mokoena,customer2133@example.co.za,0841000159,Kimberley,Northern Cape,Corporate,2024-06-30
2134,Mpho Jacobs, customer2134@example.co.za,0827174850,Polokwane,Limpopo,Small Business,2023-01-26
2135,Bongani Naidoo,customer2135@example.co.za,0848004270,Polokwane,Limpopo,Retail,2023-09-02
2136,Naledi Smith,customer2136@example.co.za,0835407805,Cape Town,Western Cape,Wholesale,2023-02-24
2137,Thabo Mahlangu,customer2137@example.co.za,0831240653,Johannesburg,Gauteng,Retail,2022-06-26
2138,Liam Mthembu,customer2138@example.co.za,0841378476,Durban,KwaZulu-Natal,Wholesale,2022-05-10
2139,Zanele Naidoo,customer2139@example.co.za,0767332141,Pretoria,Gauteng,Retail,2022-03-18
2140,Jason Nkosi,customer2140@example.co.za,0763936396,East London,Eastern Cape,Retail,2025-03-27
2141,Sipho Mthembu,customer2141@example.co.za,795723937,Cape Town,Western Cape,Wholesale,2023-02-20
2142,Thabo Mthembu,customer2142@example.co.za,0714155287,Gqeberha,Eastern Cape,Small Business,2024-07-06
2143,Lerato Daniels,customer2143@example.co.za,0789196133,Cape Town,Western Cape,Small Business,2022-04-07
2144,Bongani Naidoo,customer2144@example.co.za,0787162223,Gqeberha,Eastern Cape,Wholesale,2024-08-25
2145,Mpho Mabena,customer2145@example.co.za,0797228915,Mbombela,Mpumalanga,Small Business,2023-10-19
2146,Jason van Wyk,customer2146@example.co.za,0787740736,Bloemfontein,Free State,Corporate,2024-08-15
2147,Kagiso Dlamini,customer2147@example.co.za,0719296512,Bloemfontein,Free State,Wholesale,2024-01-08
2148,Sipho Mthembu,customer2148@example.co.za,0836583525,Polokwane,Limpopo,Corporate,2024-08-13
2149,Mpho Ndlovu,customer2149@example.co.za,0849495191,East London,Eastern Cape,Small Business,2023-12-01
2150,Mpho Dlamini,customer2150@example.co.za,0714452965,Mbombela,Mpumalanga,Wholesale,2022-06-17
2151,Naledi Ndlovu,customer2151@example.co.za,0782741731,Polokwane,Limpopo,Retail,2023-06-06
2152,Mpho Botha,customer2152@example.co.za,0796618685,Mbombela,Mpumalanga,Wholesale,2022-08-28
2153,Bongani Adams,customer2153@example.co.za,0787590085,Bloemfontein,Free State,Small Business,2025-03-27
2154,Jason Jacobs,customer2154@example.co.za,0838611052,Bloemfontein,Free State,Small Business,2023-01-21
2155,Naledi Mahlangu,customer2155@example.co.za,0832211426,Cape Town,Western Cape,Corporate,2023-05-11
2156,Kagiso Pillay,customer2156@example.co.za,0782620464,Polokwane,Limpopo,Small Business,2022-02-18
2157,Thabo Smith,customer2157@example.co.za,0824474350,Cape Town,Western Cape,Small Business,2022-05-27
2158,Nomsa Nkosi,customer2158@example.co.za,0828078601,Johannesburg,Gauteng,Corporate,2024-04-05
2159,Kagiso Maseko,customer2159@example.co.za,0767290045,Cape Town,Western Cape,Small Business,2023-09-15
2160,Amahle Ndlovu,customer2160@example.co.za,0799243207,Polokwane,Limpopo,Retail,2024-10-20
2161,Bongani Mokoena,customer2161@example.co.za,0848945647,Bloemfontein,Free State,Wholesale,2025-01-08
2162,Jason Mabena,customer2162@example.co.za,0799226010,Johannesburg,Gauteng,Retail,2024-02-18
2163,Amahle Naidoo,customer2163@example.co.za,0765230482,Cape Town,Western Cape,Retail,2022-06-19
2164,Naledi Nkosi,customer2164@example.co.za,0766660342,Durban,KwaZulu-Natal,Small Business,2024-08-19
2165,Ayanda Smith, customer2165@example.co.za,0788569862,Cape Town,Western Cape,Small Business,2024-04-20
2166,Thabo Dlamini,customer2166@example.co.za,0781473717,Johannesburg,Gauteng,Wholesale,2022-05-22
2167,Mpho Nkosi,customer2167@example.co.za,0847512547,Mbombela,Mpumalanga,Retail,2023-06-03
2168,Naledi Mahlangu,customer2168@example.co.za,0838578703,Kimberley,Northern Cape,Corporate,2022-11-30
2169,Kagiso Maseko,customer2169@example.co.za,0762840033,Cape Town,Western Cape,Small Business,2022-06-07
2170,Amahle Mahlangu,customer2170@example.co.za,0831095504,Durban,KwaZulu-Natal,Wholesale,2022-12-28
2171,Lerato Smith,customer2171@example.co.za,0834748410,Polokwane,Limpopo,Corporate,2025-04-10
2172,Sibusiso Nkosi,customer2172@example.co.za,0712947659,East London,Eastern Cape,Retail,2022-12-03
2173,Anele Mokoena,customer2173@example.co.za,0769323942,Pretoria,Gauteng,Corporate,2024-05-30
2174,Bongani Jacobs,customer2174@example.co.za,0768946662,Cape Town,Western Cape,Retail,2023-07-26
2175,Jason Naidoo,customer2175@example.co.za,0822463693,Polokwane,Limpopo,Corporate,2024-01-03
2176,Chantelle Botha,customer2176@example.co.za,0833030225,East London,Eastern Cape,Retail,2022-11-28
2177,Mpho Pillay,customer2177@example.co.za,0767263217,Johannesburg,Gauteng,Corporate,2024-09-05
2178,Mpho Daniels,customer2178@example.co.za,0821666991,Johannesburg,Gauteng,Small Business,2023-02-19
2179,Kagiso Dlamini,customer2179@example.co.za,0797555022,Pretoria,Gauteng,Retail,2024-02-01
2180,Thabo Jacobs,customer2180@example.co.za,0785460852,Cape Town,Western Cape,Retail,2023-09-14
2181,Ayanda Botha,customer2181@example.co.za,0719059592,Pretoria,Gauteng,Small Business,2023-01-22
2182,Amahle Mahlangu,customer2182@example.co.za,0832661733,East London,Eastern Cape,Small Business,2024-03-05
2183,Sipho Dlamini,customer2183@example.co.za,0793129961,Mbombela,Mpumalanga,Small Business,2022-05-20
2184,Sipho van Wyk,customer2184@example.co.za,0837937523,East London,Eastern Cape,Corporate,2023-04-07
2185,Jason Ndlovu,customer2185@example.co.za,0718245593,Gqeberha,Eastern Cape,Retail,2023-10-19
2186,Thabo Pillay,customer2186@example.co.za,0797269347,Polokwane,Limpopo,Wholesale,2024-07-10
2187,Sibusiso Dlamini,customer2187@example.co.za,0769548784,Kimberley,Northern Cape,Wholesale,2022-11-19
2188,Kagiso Mahlangu,customer2188@example.co.za,0712259220,Durban,KwaZulu-Natal,Wholesale,2022-03-05
2189,Sipho Naidoo,customer2189@example.co.za,0793442155,Polokwane,Limpopo,Retail,2024-01-27
2190,Chantelle Mthembu,customer2190@example.co.za,0766729127,Gqeberha,Eastern Cape,Corporate,2025-01-01
2191,Ayanda Smith,customer2191@example.co.za,0718883813,Kimberley,Northern Cape,Wholesale,2024-03-01
2192,Anele Mahlangu,customer2192@example.co.za,0842526520,Kimberley,Northern Cape,Wholesale,2023-12-03
2193,Sipho Mthembu,customer2193@example.co.za,0795499844,Mbombela,Mpumalanga,Corporate,2023-08-15
2194,Sibusiso Maseko,customer2194@example.co.za,0845016713,Kimberley,Northern Cape,Small Business,2023-12-15
2195,Zanele Maseko,customer2195@example.co.za,0787904482,Gqeberha,Eastern Cape,Corporate,2023-06-25
2196,Jason Pillay,customer2196@example.co.za,0713336691,Kimberley,Northern Cape,Corporate,2023-01-25
2197,Ayanda Pillay,customer2197@example.co.za,0718762657,Bloemfontein,Free State,Small Business,2022-08-29
2198,Sibusiso Pillay,customer2198@example.co.za,0786660164,Gqeberha,Eastern Cape,Small Business,2024-10-14
2199,Sibusiso Adams,customer2199@example.co.za,0765542271,Bloemfontein,Free State,Wholesale,2025-01-05
2200,Anele Mthembu,customer2200@example.co.za,0782208802,Bloemfontein,Free State,Corporate,2022-09-12
